country,country_code,currency_code,reference_profile_id,reference_profile_description,harmonized_wage_point_intl_usd,ppp_factor_lcu_per_intl_usd,gross_monthly_local,gross_monthly_intl_usd,employee_contributions_monthly_local,employee_contributions_monthly_intl_usd,employer_contributions_monthly_local,employer_contributions_monthly_intl_usd,net_before_income_tax_monthly_local,net_before_income_tax_monthly_intl_usd,income_tax_or_withholding_tax_monthly_local,income_tax_or_withholding_tax_monthly_intl_usd,net_after_income_tax_monthly_local,net_after_income_tax_monthly_intl_usd,employer_cost_monthly_local,employer_cost_monthly_intl_usd,social_wedge_before_income_tax_rate,total_wedge_after_income_tax_rate,cost_to_net_before_income_tax_ratio,cost_to_net_after_income_tax_ratio,income_tax_modeled,aggregation_method,below_minimum_wage,national_minimum_wage_monthly_local,note
France,FR,EUR,non_cadre__standard__lt50__standard__full_time,"Non-executive employee, outside Alsace-Moselle, firm with fewer than 50 employees, standard AT/MP rate, full-time.",2000.0,0.716934,1433.87,2000.0,320.76,447.41,64.25,89.62,1113.11,1552.59,,,,,1498.12,2089.62,0.256996,,1.345889,,False,single_reference_profile,True,1867.02,Personal income tax (prelevement a la source) is not modeled: its rate depends on the household's personal tax situation and cannot be derived from a generic wage-only simulation.
Germany,DE,EUR,germany__public_health__childless__outside_saxony,"Public health insurance, childless, outside Saxony.",2000.0,0.701547,1403.09,2000.0,305.17,435.0,296.75,423.0,1097.92,1565.0,0.0,0.0,1097.92,1565.0,1699.85,2423.0,0.354106,0.354106,1.548243,1.548243,True,single_reference_profile,True,2409.33,
Belgium,BE,EUR,belgium__standard_private_sector,Standard private-sector employee (only profile currently modeled for Belgium).,2000.0,0.752163,1504.33,2000.0,196.62,261.4,0.0,0.0,1307.71,1738.6,0.0,0.0,1307.71,1738.6,1504.33,2000.0,0.1307,0.1307,1.150351,1.150351,True,single_reference_profile,True,2189.81,
Switzerland,CH,CHF,switzerland__population_weighted_average_26_cantons__single_no_child_standard_lpp,"Population-weighted average across all 26 cantons, tariff A0N (single, no child, no church tax where available), standardized LPP/BVG and accident insurance assumptions.",2000.0,1.107209,2214.42,2000.0,184.05,166.23,168.54,152.22,2030.37,1833.77,24.82,22.42,2005.55,1811.35,2382.96,2152.22,0.147963,0.15838,1.173658,1.188185,True,population_weighted_average_26_cantons,True,3000.0,"Withholding tax and net figures are a population-weighted average across all 26 cantons (BFS 2024 permanent resident population), not a single reference canton."
France,FR,EUR,non_cadre__standard__lt50__standard__full_time,"Non-executive employee, outside Alsace-Moselle, firm with fewer than 50 employees, standard AT/MP rate, full-time.",2500.0,0.716934,1792.33,2499.99,395.47,551.61,75.31,105.05,1396.86,1948.39,,,,,1867.64,2605.04,0.252071,,1.337024,,False,single_reference_profile,True,1867.02,Personal income tax (prelevement a la source) is not modeled: its rate depends on the household's personal tax situation and cannot be derived from a generic wage-only simulation.
Germany,DE,EUR,germany__public_health__childless__outside_saxony,"Public health insurance, childless, outside Saxony.",2500.0,0.701547,1753.87,2500.0,381.47,543.75,370.94,528.75,1372.4,1956.25,44.91,64.02,1327.49,1892.23,2124.81,3028.75,0.354106,0.375242,1.548243,1.600621,True,single_reference_profile,True,2409.33,
Belgium,BE,EUR,belgium__standard_private_sector,Standard private-sector employee (only profile currently modeled for Belgium).,2500.0,0.752163,1880.41,2500.0,245.77,326.75,0.0,0.0,1634.64,2173.25,57.09,75.9,1577.55,2097.35,1880.41,2500.0,0.1307,0.16106,1.150351,1.191981,True,single_reference_profile,True,2189.81,
Switzerland,CH,CHF,switzerland__population_weighted_average_26_cantons__single_no_child_standard_lpp,"Population-weighted average across all 26 cantons, tariff A0N (single, no child, no church tax where available), standardized LPP/BVG and accident insurance assumptions.",2500.0,1.107209,2768.02,2500.0,238.52,215.42,219.14,197.92,2529.5,2284.57,69.56,62.82,2459.94,2221.75,2987.16,2697.92,0.153209,0.176494,1.180929,1.214321,True,population_weighted_average_26_cantons,True,3000.0,"Withholding tax and net figures are a population-weighted average across all 26 cantons (BFS 2024 permanent resident population), not a single reference canton."
France,FR,EUR,non_cadre__standard__lt50__standard__full_time,"Non-executive employee, outside Alsace-Moselle, firm with fewer than 50 employees, standard AT/MP rate, full-time.",3000.0,0.716934,2150.8,3000.0,470.17,655.81,383.18,534.48,1680.63,2344.19,,,,,2533.98,3534.47,0.336765,,1.50776,,False,single_reference_profile,False,1867.02,Personal income tax (prelevement a la source) is not modeled: its rate depends on the household's personal tax situation and cannot be derived from a generic wage-only simulation.
Germany,DE,EUR,germany__public_health__childless__outside_saxony,"Public health insurance, childless, outside Saxony.",3000.0,0.701547,2104.64,3000.0,457.76,652.5,445.13,634.5,1646.88,2347.5,108.33,154.42,1538.55,2193.08,2549.77,3634.5,0.354106,0.396593,1.548243,1.657255,True,single_reference_profile,True,2409.33,
Belgium,BE,EUR,belgium__standard_private_sector,Standard private-sector employee (only profile currently modeled for Belgium).,3000.0,0.752163,2256.49,3000.0,294.92,392.1,197.15,262.11,1961.57,2607.9,150.56,200.17,1811.01,2407.73,2453.64,3262.11,0.200549,0.261911,1.250858,1.35485,True,single_reference_profile,False,2189.81,
Switzerland,CH,CHF,switzerland__population_weighted_average_26_cantons__single_no_child_standard_lpp,"Population-weighted average across all 26 cantons, tariff A0N (single, no child, no church tax where available), standardized LPP/BVG and accident insurance assumptions.",3000.0,1.107209,3321.63,3000.0,308.28,278.43,285.02,257.42,3013.35,2721.57,132.1,119.31,2881.25,2602.27,3606.65,3257.42,0.164502,0.201128,1.196891,1.251765,True,population_weighted_average_26_cantons,False,3000.0,"Withholding tax and net figures are a population-weighted average across all 26 cantons (BFS 2024 permanent resident population), not a single reference canton."
France,FR,EUR,non_cadre__standard__lt50__standard__full_time,"Non-executive employee, outside Alsace-Moselle, firm with fewer than 50 employees, standard AT/MP rate, full-time.",3500.0,0.716934,2509.27,3500.0,544.88,760.01,669.55,933.91,1964.39,2739.99,,,,,3178.82,4433.91,0.382037,,1.618221,,False,single_reference_profile,False,1867.02,Personal income tax (prelevement a la source) is not modeled: its rate depends on the household's personal tax situation and cannot be derived from a generic wage-only simulation.
Germany,DE,EUR,germany__public_health__childless__outside_saxony,"Public health insurance, childless, outside Saxony.",3500.0,0.701547,2455.41,3500.0,534.05,761.25,519.32,740.25,1921.36,2738.75,178.16,253.95,1743.2,2484.8,2974.73,4240.25,0.354106,0.413998,1.548243,1.706477,True,single_reference_profile,False,2409.33,
Belgium,BE,EUR,belgium__standard_private_sector,Standard private-sector employee (only profile currently modeled for Belgium).,3500.0,0.752163,2632.57,3500.0,344.08,457.45,404.0,537.11,2288.49,3042.55,290.48,386.19,1998.01,2656.36,3036.57,4037.11,0.246355,0.342016,1.326885,1.519793,True,single_reference_profile,False,2189.81,
Switzerland,CH,CHF,switzerland__population_weighted_average_26_cantons__single_no_child_standard_lpp,"Population-weighted average across all 26 cantons, tariff A0N (single, no child, no church tax where available), standardized LPP/BVG and accident insurance assumptions.",3500.0,1.107209,3875.23,3500.0,378.03,341.43,350.9,316.92,3497.2,3158.57,209.99,189.65,3287.21,2968.92,4226.13,3816.92,0.172482,0.22217,1.208432,1.285627,True,population_weighted_average_26_cantons,False,3000.0,"Withholding tax and net figures are a population-weighted average across all 26 cantons (BFS 2024 permanent resident population), not a single reference canton."
France,FR,EUR,non_cadre__standard__lt50__standard__full_time,"Non-executive employee, outside Alsace-Moselle, firm with fewer than 50 employees, standard AT/MP rate, full-time.",4000.0,0.716934,2867.74,4000.01,619.58,864.21,920.93,1284.54,2248.16,3135.79,,,,,3788.67,5284.54,0.406611,,1.685234,,False,single_reference_profile,False,1867.02,Personal income tax (prelevement a la source) is not modeled: its rate depends on the household's personal tax situation and cannot be derived from a generic wage-only simulation.
Germany,DE,EUR,germany__public_health__childless__outside_saxony,"Public health insurance, childless, outside Saxony.",4000.0,0.701547,2806.19,4000.0,610.35,870.0,593.51,846.0,2195.84,3130.0,251.25,358.14,1944.59,2771.86,3399.7,4846.0,0.354106,0.42801,1.548243,1.748283,True,single_reference_profile,False,2409.33,
Belgium,BE,EUR,belgium__standard_private_sector,Standard private-sector employee (only profile currently modeled for Belgium).,4000.0,0.752163,3008.65,4000.0,393.23,522.8,610.84,812.11,2615.42,3477.2,430.41,572.23,2185.01,2904.97,3619.49,4812.11,0.277407,0.396321,1.383905,1.65651,True,single_reference_profile,False,2189.81,
Switzerland,CH,CHF,switzerland__population_weighted_average_26_cantons__single_no_child_standard_lpp,"Population-weighted average across all 26 cantons, tariff A0N (single, no child, no church tax where available), standardized LPP/BVG and accident insurance assumptions.",4000.0,1.107209,4428.84,4000.0,447.78,404.42,416.78,376.42,3981.06,3595.58,298.05,269.19,3683.01,3326.39,4845.62,4376.43,0.178421,0.239929,1.217168,1.315667,True,population_weighted_average_26_cantons,False,3000.0,"Withholding tax and net figures are a population-weighted average across all 26 cantons (BFS 2024 permanent resident population), not a single reference canton."
France,FR,EUR,non_cadre__standard__lt50__standard__full_time,"Non-executive employee, outside Alsace-Moselle, firm with fewer than 50 employees, standard AT/MP rate, full-time.",4500.0,0.716934,3226.2,4500.0,694.29,968.41,1147.43,1600.47,2531.91,3531.58,,,,,4373.63,6100.46,0.421096,,1.727401,,False,single_reference_profile,False,1867.02,Personal income tax (prelevement a la source) is not modeled: its rate depends on the household's personal tax situation and cannot be derived from a generic wage-only simulation.
Germany,DE,EUR,germany__public_health__childless__outside_saxony,"Public health insurance, childless, outside Saxony.",4500.0,0.701547,3156.96,4500.0,686.64,978.75,667.7,951.75,2470.32,3521.25,327.66,467.05,2142.66,3054.2,3824.66,5451.75,0.354106,0.439777,1.548243,1.785003,True,single_reference_profile,False,2409.33,
Belgium,BE,EUR,belgium__standard_private_sector,Standard private-sector employee (only profile currently modeled for Belgium).,4500.0,0.752163,3384.73,4500.0,442.38,588.15,785.31,1044.07,2942.35,3911.85,570.34,758.27,2372.01,3153.58,4170.05,5544.07,0.294409,0.431179,1.417251,1.758023,True,single_reference_profile,False,2189.81,
Switzerland,CH,CHF,switzerland__population_weighted_average_26_cantons__single_no_child_standard_lpp,"Population-weighted average across all 26 cantons, tariff A0N (single, no child, no church tax where available), standardized LPP/BVG and accident insurance assumptions.",4500.0,1.107209,4982.44,4500.0,517.54,467.43,482.66,435.92,4464.9,4032.57,384.88,347.62,4080.02,3684.96,5465.1,4935.92,0.183016,0.253442,1.224014,1.33948,True,population_weighted_average_26_cantons,False,3000.0,"Withholding tax and net figures are a population-weighted average across all 26 cantons (BFS 2024 permanent resident population), not a single reference canton."
France,FR,EUR,non_cadre__standard__lt50__standard__full_time,"Non-executive employee, outside Alsace-Moselle, firm with fewer than 50 employees, standard AT/MP rate, full-time.",5000.0,0.716934,3584.67,5000.0,768.99,1072.62,1355.15,1890.2,2815.68,3927.38,,,,,4939.82,6890.2,0.430004,,1.754398,,False,single_reference_profile,False,1867.02,Personal income tax (prelevement a la source) is not modeled: its rate depends on the household's personal tax situation and cannot be derived from a generic wage-only simulation.
Germany,DE,EUR,germany__public_health__childless__outside_saxony,"Public health insurance, childless, outside Saxony.",5000.0,0.701547,3507.74,5000.0,762.93,1087.5,741.89,1057.5,2744.8,3912.5,407.25,580.5,2337.55,3332.0,4249.62,6057.5,0.354106,0.449939,1.548243,1.817979,True,single_reference_profile,False,2409.33,
Belgium,BE,EUR,belgium__standard_private_sector,Standard private-sector employee (only profile currently modeled for Belgium).,5000.0,0.752163,3760.82,5000.0,491.54,653.5,931.98,1239.07,3269.28,4346.5,726.58,965.99,2542.7,3380.51,4692.8,6239.07,0.303342,0.458171,1.435425,1.8456,True,single_reference_profile,False,2189.81,
Switzerland,CH,CHF,switzerland__population_weighted_average_26_cantons__single_no_child_standard_lpp,"Population-weighted average across all 26 cantons, tariff A0N (single, no child, no church tax where available), standardized LPP/BVG and accident insurance assumptions.",5000.0,1.107209,5536.05,5000.0,587.29,530.42,548.54,495.43,4948.76,4469.58,483.57,436.75,4465.19,4032.83,6084.59,5495.43,0.186673,0.266148,1.229518,1.362672,True,population_weighted_average_26_cantons,False,3000.0,"Withholding tax and net figures are a population-weighted average across all 26 cantons (BFS 2024 permanent resident population), not a single reference canton."
France,FR,EUR,non_cadre__standard__lt50__standard__full_time,"Non-executive employee, outside Alsace-Moselle, firm with fewer than 50 employees, standard AT/MP rate, full-time.",5500.0,0.716934,3943.14,5500.0,843.7,1176.82,1548.6,2160.03,3099.44,4323.19,,,,,5491.74,7660.03,0.435618,,1.771848,,False,single_reference_profile,False,1867.02,Personal income tax (prelevement a la source) is not modeled: its rate depends on the household's personal tax situation and cannot be derived from a generic wage-only simulation.
Germany,DE,EUR,germany__public_health__childless__outside_saxony,"Public health insurance, childless, outside Saxony.",5500.0,0.701547,3858.51,5500.0,839.23,1196.25,816.07,1163.25,3019.28,4303.75,490.16,698.68,2529.12,3605.07,4674.58,6663.25,0.354106,0.458963,1.548243,1.848302,True,single_reference_profile,False,2409.33,
Belgium,BE,EUR,belgium__standard_private_sector,Standard private-sector employee (only profile currently modeled for Belgium).,5500.0,0.752163,4136.9,5500.0,540.69,718.85,1034.22,1375.0,3596.2,4781.15,884.0,1175.28,2712.2,3605.87,5171.12,6875.0,0.30456,0.475509,1.437939,1.906612,True,single_reference_profile,False,2189.81,
Switzerland,CH,CHF,switzerland__population_weighted_average_26_cantons__single_no_child_standard_lpp,"Population-weighted average across all 26 cantons, tariff A0N (single, no child, no church tax where available), standardized LPP/BVG and accident insurance assumptions.",5500.0,1.107209,6089.65,5500.0,657.05,593.43,614.42,554.93,5432.6,4906.57,582.22,525.84,4850.38,4380.73,6704.07,6054.93,0.189656,0.276502,1.234044,1.382174,True,population_weighted_average_26_cantons,False,3000.0,"Withholding tax and net figures are a population-weighted average across all 26 cantons (BFS 2024 permanent resident population), not a single reference canton."
France,FR,EUR,non_cadre__standard__lt50__standard__full_time,"Non-executive employee, outside Alsace-Moselle, firm with fewer than 50 employees, standard AT/MP rate, full-time.",6000.0,0.716934,4301.6,5999.99,920.9,1284.49,1738.48,2424.88,3380.7,4715.5,,,,,6040.08,8424.88,0.440288,,1.786634,,False,single_reference_profile,False,1867.02,Personal income tax (prelevement a la source) is not modeled: its rate depends on the household's personal tax situation and cannot be derived from a generic wage-only simulation.
Germany,DE,EUR,germany__public_health__childless__outside_saxony,"Public health insurance, childless, outside Saxony.",6000.0,0.701547,4209.28,6000.0,915.52,1305.0,890.26,1269.0,3293.76,4695.0,576.25,821.4,2717.51,3873.6,5099.55,7269.0,0.354106,0.467107,1.548243,1.876548,True,single_reference_profile,False,2409.33,
Belgium,BE,EUR,belgium__standard_private_sector,Standard private-sector employee (only profile currently modeled for Belgium).,6000.0,0.752163,4512.98,6000.0,589.85,784.2,1128.24,1500.0,3923.13,5215.8,1041.41,1384.55,2881.72,3831.25,5641.22,7500.0,0.30456,0.489167,1.437939,1.957587,True,single_reference_profile,False,2189.81,
Switzerland,CH,CHF,switzerland__population_weighted_average_26_cantons__single_no_child_standard_lpp,"Population-weighted average across all 26 cantons, tariff A0N (single, no child, no church tax where available), standardized LPP/BVG and accident insurance assumptions.",6000.0,1.107209,6643.25,6000.0,726.8,656.43,680.3,614.43,5916.45,5343.57,680.07,614.22,5236.38,4729.35,7323.55,6614.42,0.192134,0.284994,1.237828,1.39859,True,population_weighted_average_26_cantons,False,3000.0,"Withholding tax and net figures are a population-weighted average across all 26 cantons (BFS 2024 permanent resident population), not a single reference canton."
France,FR,EUR,non_cadre__standard__lt50__standard__full_time,"Non-executive employee, outside Alsace-Moselle, firm with fewer than 50 employees, standard AT/MP rate, full-time.",6500.0,0.716934,4660.07,6500.0,991.84,1383.45,1910.75,2665.16,3668.23,5116.55,,,,,6570.82,9165.16,0.441739,,1.791277,,False,single_reference_profile,False,1867.02,Personal income tax (prelevement a la source) is not modeled: its rate depends on the household's personal tax situation and cannot be derived from a generic wage-only simulation.
Germany,DE,EUR,germany__public_health__childless__outside_saxony,"Public health insurance, childless, outside Saxony.",6500.0,0.701547,4560.06,6500.0,991.81,1413.75,964.45,1374.75,3568.24,5086.25,665.66,948.85,2902.58,4137.4,5524.51,7874.75,0.354106,0.474599,1.548243,1.903307,True,single_reference_profile,False,2409.33,
Belgium,BE,EUR,belgium__standard_private_sector,Standard private-sector employee (only profile currently modeled for Belgium).,6500.0,0.752163,4889.06,6500.0,639.0,849.55,1222.26,1625.0,4250.06,5650.45,1198.83,1593.84,3051.23,4056.61,6111.32,8125.0,0.30456,0.500725,1.437939,2.002906,True,single_reference_profile,False,2189.81,
Switzerland,CH,CHF,switzerland__population_weighted_average_26_cantons__single_no_child_standard_lpp,"Population-weighted average across all 26 cantons, tariff A0N (single, no child, no church tax where available), standardized LPP/BVG and accident insurance assumptions.",6500.0,1.107209,7196.86,6500.0,796.55,719.42,746.18,673.93,6400.31,5780.58,781.23,705.59,5619.08,5074.99,7943.04,7173.93,0.194224,0.292579,1.24104,1.413585,True,population_weighted_average_26_cantons,False,3000.0,"Withholding tax and net figures are a population-weighted average across all 26 cantons (BFS 2024 permanent resident population), not a single reference canton."
France,FR,EUR,non_cadre__standard__lt50__standard__full_time,"Non-executive employee, outside Alsace-Moselle, firm with fewer than 50 employees, standard AT/MP rate, full-time.",7000.0,0.716934,5018.54,7000.0,1062.78,1482.4,2073.48,2892.15,3955.76,5517.61,,,,,7092.02,9892.15,0.442224,,1.792834,,False,single_reference_profile,False,1867.02,Personal income tax (prelevement a la source) is not modeled: its rate depends on the household's personal tax situation and cannot be derived from a generic wage-only simulation.
Germany,DE,EUR,germany__public_health__childless__outside_saxony,"Public health insurance, childless, outside Saxony.",7000.0,0.701547,4910.83,7000.0,1068.11,1522.5,1038.64,1480.5,3842.72,5477.5,758.25,1080.83,3084.47,4396.67,5949.47,8480.5,0.354106,0.481555,1.548243,1.928844,True,single_reference_profile,False,2409.33,
Belgium,BE,EUR,belgium__standard_private_sector,Standard private-sector employee (only profile currently modeled for Belgium).,7000.0,0.752163,5265.14,7000.0,688.15,914.9,1316.29,1750.0,4576.99,6085.1,1356.25,1803.13,3220.74,4281.97,6581.43,8750.0,0.30456,0.510632,1.437939,2.043453,True,single_reference_profile,False,2189.81,
Switzerland,CH,CHF,switzerland__population_weighted_average_26_cantons__single_no_child_standard_lpp,"Population-weighted average across all 26 cantons, tariff A0N (single, no child, no church tax where available), standardized LPP/BVG and accident insurance assumptions.",7000.0,1.107209,7750.46,7000.0,856.78,773.82,802.53,724.82,6893.68,6226.18,885.78,800.01,6007.9,5426.17,8552.99,7724.82,0.194004,0.297567,1.2407,1.423623,True,population_weighted_average_26_cantons,False,3000.0,"Withholding tax and net figures are a population-weighted average across all 26 cantons (BFS 2024 permanent resident population), not a single reference canton."
France,FR,EUR,non_cadre__standard__lt50__standard__full_time,"Non-executive employee, outside Alsace-Moselle, firm with fewer than 50 employees, standard AT/MP rate, full-time.",7500.0,0.716934,5377.01,7500.01,1133.72,1581.35,2228.5,3108.38,4243.29,5918.66,,,,,7605.51,10608.38,0.442077,,1.792363,,False,single_reference_profile,False,1867.02,Personal income tax (prelevement a la source) is not modeled: its rate depends on the household's personal tax situation and cannot be derived from a generic wage-only simulation.
Germany,DE,EUR,germany__public_health__childless__outside_saxony,"Public health insurance, childless, outside Saxony.",7500.0,0.701547,5261.6,7500.0,1144.4,1631.25,1112.83,1586.25,4117.2,5868.75,854.25,1217.67,3262.95,4651.08,6374.43,9086.25,0.354106,0.488118,1.548243,1.953577,True,single_reference_profile,False,2409.33,
Belgium,BE,EUR,belgium__standard_private_sector,Standard private-sector employee (only profile currently modeled for Belgium).,7500.0,0.752163,5641.22,7500.0,737.31,980.25,1410.31,1875.0,4903.91,6519.75,1521.36,2022.65,3382.55,4497.1,7051.53,9375.0,0.30456,0.520309,1.437939,2.084675,True,single_reference_profile,False,2189.81,
Switzerland,CH,CHF,switzerland__population_weighted_average_26_cantons__single_no_child_standard_lpp,"Population-weighted average across all 26 cantons, tariff A0N (single, no child, no church tax where available), standardized LPP/BVG and accident insurance assumptions.",7500.0,1.107209,8304.07,7500.0,898.86,811.83,840.73,759.32,7405.21,6688.18,997.32,900.75,6407.89,5787.42,9144.8,8259.33,0.190227,0.299286,1.234914,1.427117,True,population_weighted_average_26_cantons,False,3000.0,"Withholding tax and net figures are a population-weighted average across all 26 cantons (BFS 2024 permanent resident population), not a single reference canton."
France,FR,EUR,non_cadre__standard__lt50__standard__full_time,"Non-executive employee, outside Alsace-Moselle, firm with fewer than 50 employees, standard AT/MP rate, full-time.",8000.0,0.716934,5735.47,8000.0,1204.66,1680.3,2490.77,3474.2,4530.81,6319.7,,,,,8226.24,11474.2,0.449225,,1.815625,,False,single_reference_profile,False,1867.02,Personal income tax (prelevement a la source) is not modeled: its rate depends on the household's personal tax situation and cannot be derived from a generic wage-only simulation.
Germany,DE,EUR,germany__public_health__childless__outside_saxony,"Public health insurance, childless, outside Saxony.",8000.0,0.701547,5612.38,8000.0,1220.69,1740.0,1187.02,1692.0,4391.68,6260.0,953.41,1359.01,3438.27,4900.99,6799.39,9692.0,0.354106,0.494326,1.548243,1.97756,True,single_reference_profile,False,2409.33,
Belgium,BE,EUR,belgium__standard_private_sector,Standard private-sector employee (only profile currently modeled for Belgium).,8000.0,0.752163,6017.3,8000.0,786.46,1045.6,1504.33,2000.0,5230.84,6954.4,1696.27,2255.19,3534.57,4699.21,7521.63,10000.0,0.30456,0.530079,1.437939,2.128017,True,single_reference_profile,False,2189.81,
Switzerland,CH,CHF,switzerland__population_weighted_average_26_cantons__single_no_child_standard_lpp,"Population-weighted average across all 26 cantons, tariff A0N (single, no child, no church tax where available), standardized LPP/BVG and accident insurance assumptions.",8000.0,1.107209,8857.67,8000.0,940.93,849.82,878.93,793.82,7916.74,7150.18,1117.98,1009.72,6798.76,6140.45,9736.6,8793.82,0.186909,0.301731,1.229875,1.432113,True,population_weighted_average_26_cantons,False,3000.0,"Withholding tax and net figures are a population-weighted average across all 26 cantons (BFS 2024 permanent resident population), not a single reference canton."
France,FR,EUR,non_cadre__standard__lt50__standard__full_time,"Non-executive employee, outside Alsace-Moselle, firm with fewer than 50 employees, standard AT/MP rate, full-time.",8500.0,0.716934,6093.94,8500.0,1275.61,1779.25,2644.97,3689.28,4818.33,6720.75,,,,,8738.91,12189.29,0.448635,,1.813679,,False,single_reference_profile,False,1867.02,Personal income tax (prelevement a la source) is not modeled: its rate depends on the household's personal tax situation and cannot be derived from a generic wage-only simulation.
Germany,DE,EUR,germany__public_health__childless__outside_saxony,"Public health insurance, childless, outside Saxony.",8500.0,0.701547,5963.15,8500.0,1280.19,1824.81,1245.31,1775.1,4682.96,6675.19,1061.91,1513.67,3621.05,5161.52,7208.46,10275.1,0.350352,0.497667,1.539295,1.990709,True,single_reference_profile,False,2409.33,
Belgium,BE,EUR,belgium__standard_private_sector,Standard private-sector employee (only profile currently modeled for Belgium).,8500.0,0.752163,6393.39,8500.0,835.62,1110.95,1598.35,2125.0,5557.77,7389.05,1871.17,2487.72,3686.6,4901.33,7991.73,10625.0,0.30456,0.538698,1.437939,2.167778,True,single_reference_profile,False,2189.81,
Switzerland,CH,CHF,switzerland__population_weighted_average_26_cantons__single_no_child_standard_lpp,"Population-weighted average across all 26 cantons, tariff A0N (single, no child, no church tax where available), standardized LPP/BVG and accident insurance assumptions.",8500.0,1.107209,9411.28,8500.0,983.01,887.83,917.13,828.33,8428.27,7612.18,1242.06,1121.8,7186.21,6490.38,10328.41,9328.33,0.183972,0.304229,1.225448,1.437255,True,population_weighted_average_26_cantons,False,3000.0,"Withholding tax and net figures are a population-weighted average across all 26 cantons (BFS 2024 permanent resident population), not a single reference canton."
France,FR,EUR,non_cadre__standard__lt50__standard__full_time,"Non-executive employee, outside Alsace-Moselle, firm with fewer than 50 employees, standard AT/MP rate, full-time.",9000.0,0.716934,6452.41,9000.01,1346.55,1878.2,2799.17,3904.37,5105.86,7121.8,,,,,9251.58,12904.37,0.448109,,1.811953,,False,single_reference_profile,False,1867.02,Personal income tax (prelevement a la source) is not modeled: its rate depends on the household's personal tax situation and cannot be derived from a generic wage-only simulation.
Germany,DE,EUR,germany__public_health__childless__outside_saxony,"Public health insurance, childless, outside Saxony.",9000.0,0.701547,6313.92,9000.0,1317.37,1877.81,1282.49,1828.1,4996.55,7122.19,1182.41,1685.43,3814.14,5436.76,7596.42,10828.1,0.342249,0.497902,1.520332,1.991644,True,single_reference_profile,False,2409.33,
Belgium,BE,EUR,belgium__standard_private_sector,Standard private-sector employee (only profile currently modeled for Belgium).,9000.0,0.752163,6769.47,9000.0,884.77,1176.3,1692.37,2250.0,5884.7,7823.7,2046.08,2720.26,3838.62,5103.44,8461.83,11250.0,0.30456,0.546361,1.437939,2.204396,True,single_reference_profile,False,2189.81,
Switzerland,CH,CHF,switzerland__population_weighted_average_26_cantons__single_no_child_standard_lpp,"Population-weighted average across all 26 cantons, tariff A0N (single, no child, no church tax where available), standardized LPP/BVG and accident insurance assumptions.",9000.0,1.107209,9964.88,9000.0,1025.08,925.82,955.33,862.83,8939.8,8074.18,1368.58,1236.06,7571.22,6838.11,10920.21,9862.83,0.181353,0.306678,1.221527,1.442332,True,population_weighted_average_26_cantons,False,3000.0,"Withholding tax and net figures are a population-weighted average across all 26 cantons (BFS 2024 permanent resident population), not a single reference canton."
France,FR,EUR,non_cadre__standard__lt50__standard__full_time,"Non-executive employee, outside Alsace-Moselle, firm with fewer than 50 employees, standard AT/MP rate, full-time.",9500.0,0.716934,6810.87,9500.0,1417.49,1977.15,2953.37,4119.44,5393.38,7522.84,,,,,9764.24,13619.44,0.447639,,1.810411,,False,single_reference_profile,False,1867.02,Personal income tax (prelevement a la source) is not modeled: its rate depends on the household's personal tax situation and cannot be derived from a generic wage-only simulation.
Germany,DE,EUR,germany__public_health__childless__outside_saxony,"Public health insurance, childless, outside Saxony.",9500.0,0.701547,6664.7,9500.0,1354.55,1930.81,1319.68,1881.1,5310.14,7569.19,1307.08,1863.14,4003.06,5706.05,7984.37,11381.1,0.334933,0.498638,1.503607,1.994565,True,single_reference_profile,False,2409.33,
Belgium,BE,EUR,belgium__standard_private_sector,Standard private-sector employee (only profile currently modeled for Belgium).,9500.0,0.752163,7145.55,9500.0,933.92,1241.65,1786.39,2375.0,6211.63,8258.35,2220.99,2952.8,3990.64,5305.55,8931.94,11875.0,0.30456,0.553217,1.437939,2.238224,True,single_reference_profile,False,2189.81,
Switzerland,CH,CHF,switzerland__population_weighted_average_26_cantons__single_no_child_standard_lpp,"Population-weighted average across all 26 cantons, tariff A0N (single, no child, no church tax where available), standardized LPP/BVG and accident insurance assumptions.",9500.0,1.107209,10518.49,9500.0,1067.16,963.83,993.53,897.33,9451.33,8536.18,1499.99,1354.75,7951.34,7181.42,11512.02,10397.33,0.179003,0.309301,1.218032,1.447809,True,population_weighted_average_26_cantons,False,3000.0,"Withholding tax and net figures are a population-weighted average across all 26 cantons (BFS 2024 permanent resident population), not a single reference canton."
France,FR,EUR,non_cadre__standard__lt50__standard__full_time,"Non-executive employee, outside Alsace-Moselle, firm with fewer than 50 employees, standard AT/MP rate, full-time.",10000.0,0.716934,7169.34,10000.0,1488.43,2076.1,3107.57,4334.52,5680.91,7923.9,,,,,10276.91,14334.52,0.447216,,1.809025,,False,single_reference_profile,False,1867.02,Personal income tax (prelevement a la source) is not modeled: its rate depends on the household's personal tax situation and cannot be derived from a generic wage-only simulation.
Germany,DE,EUR,germany__public_health__childless__outside_saxony,"Public health insurance, childless, outside Saxony.",10000.0,0.701547,7015.47,10000.0,1391.73,1983.81,1356.86,1934.1,5623.74,8016.19,1436.0,2046.9,4187.74,5969.29,8372.33,11934.1,0.328295,0.499812,1.488748,1.999249,True,single_reference_profile,False,2409.33,
Belgium,BE,EUR,belgium__standard_private_sector,Standard private-sector employee (only profile currently modeled for Belgium).,10000.0,0.752163,7521.63,10000.0,983.08,1307.0,1880.41,2500.0,6538.55,8693.0,2395.89,3185.33,4142.66,5507.67,9402.04,12500.0,0.30456,0.559387,1.437939,2.269564,True,single_reference_profile,False,2189.81,
Switzerland,CH,CHF,switzerland__population_weighted_average_26_cantons__single_no_child_standard_lpp,"Population-weighted average across all 26 cantons, tariff A0N (single, no child, no church tax where available), standardized LPP/BVG and accident insurance assumptions.",10000.0,1.107209,11072.09,10000.0,1109.23,1001.83,1031.72,931.82,9962.86,8998.17,1630.93,1473.01,8331.93,7525.17,12103.81,10931.82,0.176882,0.311627,1.214893,1.452702,True,population_weighted_average_26_cantons,False,3000.0,"Withholding tax and net figures are a population-weighted average across all 26 cantons (BFS 2024 permanent resident population), not a single reference canton."
France,FR,EUR,non_cadre__standard__lt50__standard__full_time,"Non-executive employee, outside Alsace-Moselle, firm with fewer than 50 employees, standard AT/MP rate, full-time.",10500.0,0.716934,7527.81,10500.0,1559.37,2175.06,3261.77,4549.61,5968.44,8324.95,,,,,10789.58,15049.61,0.446833,,1.807772,,False,single_reference_profile,False,1867.02,Personal income tax (prelevement a la source) is not modeled: its rate depends on the household's personal tax situation and cannot be derived from a generic wage-only simulation.
Germany,DE,EUR,germany__public_health__childless__outside_saxony,"Public health insurance, childless, outside Saxony.",10500.0,0.701547,7366.24,10500.0,1428.92,2036.81,1394.04,1987.1,5937.33,8463.19,1568.83,2236.24,4368.5,6226.95,8760.28,12487.1,0.322245,0.501329,1.475459,2.005331,True,single_reference_profile,False,2409.33,
Belgium,BE,EUR,belgium__standard_private_sector,Standard private-sector employee (only profile currently modeled for Belgium).,10500.0,0.752163,7897.71,10500.0,1032.23,1372.35,1974.43,2625.0,6865.48,9127.65,2570.8,3417.88,4294.68,5709.77,9872.14,13125.0,0.30456,0.56497,1.437939,2.29869,True,single_reference_profile,False,2189.81,
Switzerland,CH,CHF,switzerland__population_weighted_average_26_cantons__single_no_child_standard_lpp,"Population-weighted average across all 26 cantons, tariff A0N (single, no child, no church tax where available), standardized LPP/BVG and accident insurance assumptions.",10500.0,1.107209,11625.69,10500.0,1151.3,1039.82,1069.92,966.32,10474.39,9460.17,1770.05,1598.66,8704.34,7861.51,12695.61,11466.32,0.17496,0.314382,1.212062,1.458539,True,population_weighted_average_26_cantons,False,3000.0,"Withholding tax and net figures are a population-weighted average across all 26 cantons (BFS 2024 permanent resident population), not a single reference canton."
France,FR,EUR,non_cadre__standard__lt50__standard__full_time,"Non-executive employee, outside Alsace-Moselle, firm with fewer than 50 employees, standard AT/MP rate, full-time.",11000.0,0.716934,7886.27,10999.99,1630.31,2274.01,3415.96,4764.68,6255.96,8725.99,,,,,11302.23,15764.68,0.446485,,1.806635,,False,single_reference_profile,False,1867.02,Personal income tax (prelevement a la source) is not modeled: its rate depends on the household's personal tax situation and cannot be derived from a generic wage-only simulation.
Germany,DE,EUR,germany__public_health__childless__outside_saxony,"Public health insurance, childless, outside Saxony.",11000.0,0.701547,7717.02,11000.0,1466.1,2089.81,1431.22,2040.1,6250.92,8910.19,1703.29,2427.91,4547.63,6482.29,9148.24,13040.1,0.316708,0.502896,1.463503,2.01165,True,single_reference_profile,False,2409.33,
Belgium,BE,EUR,belgium__standard_private_sector,Standard private-sector employee (only profile currently modeled for Belgium).,11000.0,0.752163,8273.79,11000.0,1081.38,1437.7,2068.45,2750.0,7192.41,9562.3,2745.71,3650.42,4446.7,5911.88,10342.24,13750.0,0.30456,0.570045,1.437939,2.325825,True,single_reference_profile,False,2189.81,
Switzerland,CH,CHF,switzerland__population_weighted_average_26_cantons__single_no_child_standard_lpp,"Population-weighted average across all 26 cantons, tariff A0N (single, no child, no church tax where available), standardized LPP/BVG and accident insurance assumptions.",11000.0,1.107209,12179.3,11000.0,1193.38,1077.83,1108.12,1000.82,10985.92,9922.17,1914.95,1729.53,9070.97,8192.64,13287.42,12000.82,0.173209,0.317327,1.209495,1.46483,True,population_weighted_average_26_cantons,False,3000.0,"Withholding tax and net figures are a population-weighted average across all 26 cantons (BFS 2024 permanent resident population), not a single reference canton."
France,FR,EUR,non_cadre__standard__lt50__standard__full_time,"Non-executive employee, outside Alsace-Moselle, firm with fewer than 50 employees, standard AT/MP rate, full-time.",11500.0,0.716934,8244.74,11500.0,1701.25,2372.96,3570.16,4979.76,6543.49,9127.04,,,,,11814.9,16479.76,0.446167,,1.805598,,False,single_reference_profile,False,1867.02,Personal income tax (prelevement a la source) is not modeled: its rate depends on the household's personal tax situation and cannot be derived from a generic wage-only simulation.
Germany,DE,EUR,germany__public_health__childless__outside_saxony,"Public health insurance, childless, outside Saxony.",11500.0,0.701547,8067.79,11500.0,1503.28,2142.81,1468.4,2093.1,6564.51,9357.19,1852.76,2640.96,4711.75,6716.23,9536.2,13593.1,0.311622,0.505909,1.452689,2.023917,True,single_reference_profile,False,2409.33,
Belgium,BE,EUR,belgium__standard_private_sector,Standard private-sector employee (only profile currently modeled for Belgium).,11500.0,0.752163,8649.87,11500.0,1130.54,1503.05,2162.47,2875.0,7519.34,9996.95,2920.61,3882.95,4598.73,6114.0,10812.34,14375.0,0.30456,0.574678,1.437939,2.351161,True,single_reference_profile,False,2189.81,
Switzerland,CH,CHF,switzerland__population_weighted_average_26_cantons__single_no_child_standard_lpp,"Population-weighted average across all 26 cantons, tariff A0N (single, no child, no church tax where available), standardized LPP/BVG and accident insurance assumptions.",11500.0,1.107209,12732.9,11500.0,1226.64,1107.87,1140.19,1029.79,11506.26,10392.13,2067.68,1867.47,9438.58,8524.66,13873.09,12529.78,0.170606,0.319649,1.205699,1.469829,True,population_weighted_average_26_cantons,False,3000.0,"Withholding tax and net figures are a population-weighted average across all 26 cantons (BFS 2024 permanent resident population), not a single reference canton."
France,FR,EUR,non_cadre__standard__lt50__standard__full_time,"Non-executive employee, outside Alsace-Moselle, firm with fewer than 50 employees, standard AT/MP rate, full-time.",12000.0,0.716934,8603.21,12000.0,1772.2,2471.91,3724.36,5194.85,6831.01,9528.09,,,,,12327.57,17194.85,0.445875,,1.804647,,False,single_reference_profile,False,1867.02,Personal income tax (prelevement a la source) is not modeled: its rate depends on the household's personal tax situation and cannot be derived from a generic wage-only simulation.
Germany,DE,EUR,germany__public_health__childless__outside_saxony,"Public health insurance, childless, outside Saxony.",12000.0,0.701547,8418.56,12000.0,1540.46,2195.81,1505.59,2146.1,6878.1,9804.19,2002.34,2854.18,4875.76,6950.02,9924.15,14146.1,0.306933,0.508697,1.442862,2.035405,True,single_reference_profile,False,2409.33,
Belgium,BE,EUR,belgium__standard_private_sector,Standard private-sector employee (only profile currently modeled for Belgium).,12000.0,0.752163,9025.96,12000.0,1179.69,1568.4,2256.49,3000.0,7846.26,10431.6,3095.52,4115.49,4750.74,6316.11,11282.44,15000.0,0.30456,0.578926,1.437939,2.37488,True,single_reference_profile,False,2189.81,
Switzerland,CH,CHF,switzerland__population_weighted_average_26_cantons__single_no_child_standard_lpp,"Population-weighted average across all 26 cantons, tariff A0N (single, no child, no church tax where available), standardized LPP/BVG and accident insurance assumptions.",12000.0,1.107209,13286.51,12000.0,1255.99,1134.37,1169.54,1056.3,12030.52,10865.63,2220.38,2005.38,9810.14,8860.25,14456.05,13056.3,0.167786,0.321381,1.201615,1.473582,True,population_weighted_average_26_cantons,False,3000.0,"Withholding tax and net figures are a population-weighted average across all 26 cantons (BFS 2024 permanent resident population), not a single reference canton."
