source,engine,smic_multiple,gross_monthly_eur,net_monthly_eur,employer_cost_monthly_eur,employee_contributions_monthly_eur,employer_contributions_monthly_eur,social_wedge_monthly_eur,employee_contribution_rate,employer_contribution_rate,social_wedge_rate,cost_to_net_ratio,api_total_contributions_monthly_eur,api_employer_contributions_monthly_eur,api_employee_contributions_monthly_eur,missing_variables_gross,missing_variables_net,missing_variables_employer_cost,status,error
mon-entreprise,api/v1/evaluate,0.8,1441.44,1119.1,1505.92,322.34,64.48,386.82,0.2236,0.0447,0.2569,1.3457,386.82,64.48,322.34,8,29,39,ok,
mon-entreprise,api/v1/evaluate,0.81,1459.46,1133.36,1524.5,326.1,65.04,391.13,0.2234,0.0446,0.2566,1.3451,391.13,65.04,326.1,8,29,39,ok,
mon-entreprise,api/v1/evaluate,0.82,1477.48,1147.63,1543.08,329.85,65.6,395.45,0.2233,0.0444,0.2563,1.3446,395.45,65.6,329.85,8,29,39,ok,
mon-entreprise,api/v1/evaluate,0.83,1495.49,1161.89,1561.64,333.6,66.15,399.75,0.2231,0.0442,0.256,1.3441,399.75,66.15,333.6,8,29,39,ok,
mon-entreprise,api/v1/evaluate,0.84,1513.51,1176.15,1580.22,337.36,66.71,404.07,0.2229,0.0441,0.2557,1.3435,404.07,66.71,337.36,8,29,39,ok,
mon-entreprise,api/v1/evaluate,0.85,1531.53,1190.42,1598.79,341.11,67.26,408.38,0.2227,0.0439,0.2554,1.3431,408.38,67.26,341.11,8,29,39,ok,
mon-entreprise,api/v1/evaluate,0.86,1549.55,1204.68,1617.37,344.87,67.82,412.69,0.2226,0.0438,0.2552,1.3426,412.69,67.82,344.87,8,29,39,ok,
mon-entreprise,api/v1/evaluate,0.87,1567.57,1218.94,1635.95,348.63,68.38,417.0,0.2224,0.0436,0.2549,1.3421,417.0,68.38,348.63,8,29,39,ok,
mon-entreprise,api/v1/evaluate,0.88,1585.58,1233.2,1654.51,352.38,68.93,421.31,0.2222,0.0435,0.2546,1.3416,421.31,68.93,352.38,8,29,39,ok,
mon-entreprise,api/v1/evaluate,0.89,1603.6,1247.47,1673.09,356.13,69.49,425.62,0.2221,0.0433,0.2544,1.3412,425.62,69.49,356.13,8,29,39,ok,
mon-entreprise,api/v1/evaluate,0.9,1621.62,1261.73,1691.66,359.89,70.04,429.93,0.2219,0.0432,0.2541,1.3407,429.93,70.04,359.89,8,29,39,ok,
mon-entreprise,api/v1/evaluate,0.91,1639.64,1275.99,1710.24,363.65,70.6,434.24,0.2218,0.0431,0.2539,1.3403,434.24,70.6,363.65,8,29,39,ok,
mon-entreprise,api/v1/evaluate,0.92,1657.66,1290.26,1728.82,367.4,71.16,438.56,0.2216,0.0429,0.2537,1.3399,438.56,71.16,367.4,8,29,39,ok,
mon-entreprise,api/v1/evaluate,0.93,1675.67,1304.52,1747.38,371.15,71.71,442.86,0.2215,0.0428,0.2534,1.3395,442.86,71.71,371.15,8,29,39,ok,
mon-entreprise,api/v1/evaluate,0.94,1693.69,1318.78,1765.96,374.91,72.27,447.18,0.2214,0.0427,0.2532,1.3391,447.18,72.27,374.91,8,29,39,ok,
mon-entreprise,api/v1/evaluate,0.95,1711.71,1333.05,1784.53,378.66,72.82,451.49,0.2212,0.0425,0.253,1.3387,451.49,72.82,378.66,8,29,39,ok,
mon-entreprise,api/v1/evaluate,0.96,1729.73,1347.31,1803.11,382.42,73.38,455.8,0.2211,0.0424,0.2528,1.3383,455.8,73.38,382.42,8,29,39,ok,
mon-entreprise,api/v1/evaluate,0.97,1747.75,1361.57,1821.69,386.18,73.94,460.11,0.221,0.0423,0.2526,1.3379,460.11,73.94,386.18,8,29,39,ok,
mon-entreprise,api/v1/evaluate,0.98,1765.76,1375.83,1840.25,389.93,74.49,464.42,0.2208,0.0422,0.2524,1.3376,464.42,74.49,389.93,8,29,39,ok,
mon-entreprise,api/v1/evaluate,0.99,1783.78,1390.1,1858.83,393.68,75.05,468.73,0.2207,0.0421,0.2522,1.3372,468.73,75.05,393.68,8,29,39,ok,
mon-entreprise,api/v1/evaluate,1.0,1801.8,1404.36,1877.4,397.44,75.6,473.04,0.2206,0.042,0.252,1.3368,473.04,75.6,397.44,8,29,39,ok,
mon-entreprise,api/v1/evaluate,1.01,1819.82,1418.62,1895.98,401.2,76.16,477.35,0.2205,0.0419,0.2518,1.3365,477.35,76.16,401.2,8,29,39,ok,
mon-entreprise,api/v1/evaluate,1.02,1837.84,1432.89,1929.26,404.95,91.42,496.37,0.2203,0.0497,0.2573,1.3464,496.37,91.42,404.95,8,29,39,ok,
mon-entreprise,api/v1/evaluate,1.03,1855.85,1447.15,1965.41,408.7,109.56,518.27,0.2202,0.059,0.2637,1.3581,518.27,109.56,408.7,8,29,39,ok,
mon-entreprise,api/v1/evaluate,1.04,1873.87,1461.41,2001.36,412.46,127.49,539.94,0.2201,0.068,0.2698,1.3695,539.94,127.49,412.46,8,29,39,ok,
mon-entreprise,api/v1/evaluate,1.05,1891.89,1475.68,2037.25,416.21,145.36,561.57,0.22,0.0768,0.2757,1.3806,561.57,145.36,416.21,8,29,39,ok,
mon-entreprise,api/v1/evaluate,1.06,1909.91,1489.94,2072.89,419.97,162.98,582.95,0.2199,0.0853,0.2812,1.3913,582.95,162.98,419.97,8,29,39,ok,
mon-entreprise,api/v1/evaluate,1.07,1927.93,1504.2,2108.26,423.73,180.33,604.05,0.2198,0.0935,0.2865,1.4016,604.05,180.33,423.73,8,29,39,ok,
mon-entreprise,api/v1/evaluate,1.08,1945.94,1518.46,2143.53,427.48,197.59,625.07,0.2197,0.1015,0.2916,1.4116,625.07,197.59,427.48,8,29,39,ok,
mon-entreprise,api/v1/evaluate,1.09,1963.96,1532.73,2178.71,431.23,214.75,645.98,0.2196,0.1093,0.2965,1.4215,645.98,214.75,431.23,8,29,39,ok,
mon-entreprise,api/v1/evaluate,1.1,1981.98,1546.99,2213.77,434.99,231.79,666.78,0.2195,0.117,0.3012,1.431,666.78,231.79,434.99,8,29,39,ok,
mon-entreprise,api/v1/evaluate,1.11,2000.0,1561.26,2248.52,438.74,248.52,687.26,0.2194,0.1243,0.3057,1.4402,687.26,248.52,438.75,8,29,39,ok,
mon-entreprise,api/v1/evaluate,1.12,2018.02,1575.52,2283.13,442.5,265.11,707.61,0.2193,0.1314,0.3099,1.4491,707.61,265.11,442.5,8,29,39,ok,
mon-entreprise,api/v1/evaluate,1.13,2036.03,1589.78,2317.58,446.25,281.55,727.8,0.2192,0.1383,0.314,1.4578,727.8,281.55,446.25,8,29,39,ok,
mon-entreprise,api/v1/evaluate,1.14,2054.05,1604.04,2352.09,450.01,298.04,748.05,0.2191,0.1451,0.318,1.4664,748.05,298.04,450.01,8,29,39,ok,
mon-entreprise,api/v1/evaluate,1.15,2072.07,1618.31,2386.22,453.76,314.15,767.92,0.219,0.1516,0.3218,1.4745,767.92,314.15,453.76,8,29,39,ok,
mon-entreprise,api/v1/evaluate,1.16,2090.09,1632.57,2420.18,457.52,330.09,787.61,0.2189,0.1579,0.3254,1.4824,787.61,330.09,457.52,8,29,39,ok,
mon-entreprise,api/v1/evaluate,1.17,2108.11,1646.83,2454.15,461.28,346.04,807.32,0.2188,0.1641,0.329,1.4902,807.32,346.04,461.28,8,29,39,ok,
mon-entreprise,api/v1/evaluate,1.18,2126.12,1661.09,2487.92,465.03,361.8,826.82,0.2187,0.1702,0.3323,1.4978,826.82,361.8,465.03,8,29,39,ok,
mon-entreprise,api/v1/evaluate,1.19,2144.14,1675.36,2521.7,468.78,377.56,846.34,0.2186,0.1761,0.3356,1.5052,846.34,377.56,468.78,8,29,39,ok,
mon-entreprise,api/v1/evaluate,1.2,2162.16,1689.62,2555.05,472.54,392.89,865.43,0.2185,0.1817,0.3387,1.5122,865.43,392.89,472.54,8,29,39,ok,
mon-entreprise,api/v1/evaluate,1.21,2180.18,1703.89,2588.6,476.29,408.42,884.72,0.2185,0.1873,0.3418,1.5192,884.72,408.42,476.29,8,29,39,ok,
mon-entreprise,api/v1/evaluate,1.22,2198.2,1718.15,2621.92,480.05,423.72,903.77,0.2184,0.1928,0.3447,1.526,903.77,423.72,480.05,8,29,39,ok,
mon-entreprise,api/v1/evaluate,1.23,2216.21,1732.41,2654.99,483.8,438.78,922.58,0.2183,0.198,0.3475,1.5325,922.58,438.78,483.8,8,29,39,ok,
mon-entreprise,api/v1/evaluate,1.24,2234.23,1746.67,2688.03,487.56,453.8,941.36,0.2182,0.2031,0.3502,1.5389,941.36,453.8,487.56,8,29,39,ok,
mon-entreprise,api/v1/evaluate,1.25,2252.25,1760.94,2720.81,491.31,468.56,959.87,0.2181,0.208,0.3528,1.5451,959.87,468.56,491.31,8,29,39,ok,
mon-entreprise,api/v1/evaluate,1.26,2270.27,1775.2,2753.77,495.07,483.5,978.57,0.2181,0.213,0.3554,1.5512,978.57,483.5,495.07,8,29,39,ok,
mon-entreprise,api/v1/evaluate,1.27,2288.29,1789.46,2786.45,498.83,498.16,996.99,0.218,0.2177,0.3578,1.5571,996.99,498.16,498.83,8,29,39,ok,
mon-entreprise,api/v1/evaluate,1.28,2306.3,1803.72,2818.83,502.58,512.53,1015.11,0.2179,0.2222,0.3601,1.5628,1015.11,512.53,502.58,8,29,39,ok,
mon-entreprise,api/v1/evaluate,1.29,2324.32,1817.99,2851.39,506.33,527.07,1033.41,0.2178,0.2268,0.3624,1.5684,1033.41,527.07,506.33,8,29,39,ok,
mon-entreprise,api/v1/evaluate,1.3,2342.34,1832.25,2883.65,510.09,541.31,1051.4,0.2178,0.2311,0.3646,1.5738,1051.4,541.31,510.09,8,29,39,ok,
mon-entreprise,api/v1/evaluate,1.31,2360.36,1846.52,2916.07,513.84,555.71,1069.55,0.2177,0.2354,0.3668,1.5792,1069.55,555.71,513.84,8,29,39,ok,
mon-entreprise,api/v1/evaluate,1.32,2378.38,1860.78,2948.17,517.6,569.79,1087.39,0.2176,0.2396,0.3688,1.5844,1087.39,569.79,517.6,8,29,39,ok,
mon-entreprise,api/v1/evaluate,1.33,2396.39,1875.04,2980.16,521.35,583.77,1105.13,0.2176,0.2436,0.3708,1.5894,1105.13,583.77,521.35,8,29,39,ok,
mon-entreprise,api/v1/evaluate,1.34,2414.41,1889.3,3012.08,525.11,597.67,1122.78,0.2175,0.2475,0.3728,1.5943,1122.78,597.67,525.11,8,29,39,ok,
mon-entreprise,api/v1/evaluate,1.35,2432.43,1903.57,3044.14,528.86,611.71,1140.58,0.2174,0.2515,0.3747,1.5992,1140.58,611.71,528.86,8,29,39,ok,
mon-entreprise,api/v1/evaluate,1.36,2450.45,1917.83,3075.86,532.62,625.41,1158.03,0.2174,0.2552,0.3765,1.6038,1158.03,625.41,532.62,8,29,39,ok,
mon-entreprise,api/v1/evaluate,1.37,2468.47,1932.09,3107.46,536.38,638.99,1175.37,0.2173,0.2589,0.3782,1.6083,1175.37,638.99,536.38,8,29,39,ok,
mon-entreprise,api/v1/evaluate,1.38,2486.48,1946.35,3138.94,540.13,652.46,1192.59,0.2172,0.2624,0.3799,1.6127,1192.59,652.46,540.13,8,29,39,ok,
mon-entreprise,api/v1/evaluate,1.39,2504.5,1960.62,3170.56,543.88,666.06,1209.94,0.2172,0.2659,0.3816,1.6171,1209.94,666.06,543.88,8,29,39,ok,
mon-entreprise,api/v1/evaluate,1.4,2522.52,1974.88,3202.06,547.64,679.54,1227.18,0.2171,0.2694,0.3832,1.6214,1227.18,679.54,547.64,8,29,39,ok,
mon-entreprise,api/v1/evaluate,1.41,2540.54,1989.15,3233.17,551.39,692.63,1244.03,0.217,0.2726,0.3848,1.6254,1244.03,692.63,551.39,8,29,39,ok,
mon-entreprise,api/v1/evaluate,1.42,2558.56,2003.41,3264.41,555.15,705.85,1261.0,0.217,0.2759,0.3863,1.6294,1261.0,705.85,555.15,8,29,39,ok,
mon-entreprise,api/v1/evaluate,1.43,2576.57,2017.67,3295.75,558.9,719.18,1278.08,0.2169,0.2791,0.3878,1.6334,1278.08,719.18,558.9,8,29,39,ok,
mon-entreprise,api/v1/evaluate,1.44,2594.59,2031.93,3326.7,562.66,732.11,1294.77,0.2169,0.2822,0.3892,1.6372,1294.77,732.11,562.66,8,29,39,ok,
mon-entreprise,api/v1/evaluate,1.45,2612.61,2046.2,3357.77,566.41,745.16,1311.57,0.2168,0.2852,0.3906,1.641,1311.57,745.16,566.41,8,29,39,ok,
mon-entreprise,api/v1/evaluate,1.46,2630.63,2060.46,3388.68,570.17,758.05,1328.22,0.2167,0.2882,0.392,1.6446,1328.22,758.05,570.17,8,29,39,ok,
mon-entreprise,api/v1/evaluate,1.47,2648.65,2074.72,3419.44,573.93,770.79,1344.71,0.2167,0.291,0.3933,1.6481,1344.71,770.79,573.93,8,29,39,ok,
mon-entreprise,api/v1/evaluate,1.48,2666.66,2088.98,3450.28,577.68,783.62,1361.3,0.2166,0.2939,0.3945,1.6517,1361.3,783.62,577.68,8,29,39,ok,
mon-entreprise,api/v1/evaluate,1.49,2684.68,2103.25,3480.98,581.43,796.3,1377.74,0.2166,0.2966,0.3958,1.6551,1377.74,796.3,581.43,8,29,39,ok,
mon-entreprise,api/v1/evaluate,1.5,2702.7,2117.51,3511.51,585.19,808.81,1394.0,0.2165,0.2993,0.397,1.6583,1394.0,808.81,585.19,8,29,39,ok,
mon-entreprise,api/v1/evaluate,1.51,2720.72,2131.78,3542.14,588.94,821.42,1410.36,0.2165,0.3019,0.3982,1.6616,1410.36,821.42,588.94,8,29,39,ok,
mon-entreprise,api/v1/evaluate,1.52,2738.74,2146.04,3572.58,592.7,833.84,1426.54,0.2164,0.3045,0.3993,1.6647,1426.54,833.84,592.7,8,29,39,ok,
mon-entreprise,api/v1/evaluate,1.53,2756.75,2160.3,3602.84,596.45,846.09,1442.54,0.2164,0.3069,0.4004,1.6678,1442.54,846.09,596.45,8,29,39,ok,
mon-entreprise,api/v1/evaluate,1.54,2774.77,2174.56,3633.19,600.21,858.42,1458.63,0.2163,0.3094,0.4015,1.6708,1458.63,858.42,600.21,8,29,39,ok,
mon-entreprise,api/v1/evaluate,1.55,2792.79,2188.83,3663.64,603.96,870.85,1474.82,0.2163,0.3118,0.4026,1.6738,1474.82,870.85,603.96,8,29,39,ok,
mon-entreprise,api/v1/evaluate,1.56,2810.81,2203.09,3693.62,607.72,882.81,1490.53,0.2162,0.3141,0.4035,1.6766,1490.53,882.81,607.72,8,29,39,ok,
mon-entreprise,api/v1/evaluate,1.57,2828.83,2217.35,3723.96,611.48,895.13,1506.6,0.2162,0.3164,0.4046,1.6795,1506.6,895.13,611.48,8,29,39,ok,
mon-entreprise,api/v1/evaluate,1.58,2846.84,2231.61,3753.8,615.23,906.96,1522.19,0.2161,0.3186,0.4055,1.6821,1522.19,906.96,615.23,8,29,39,ok,
mon-entreprise,api/v1/evaluate,1.59,2864.86,2245.88,3784.02,618.98,919.16,1538.15,0.2161,0.3208,0.4065,1.6849,1538.15,919.16,618.98,8,29,39,ok,
mon-entreprise,api/v1/evaluate,1.6,2882.88,2260.14,3813.75,622.74,930.87,1553.61,0.216,0.3229,0.4074,1.6874,1553.61,930.87,622.74,8,29,39,ok,
mon-entreprise,api/v1/evaluate,1.61,2900.9,2274.41,3843.85,626.49,942.95,1569.45,0.216,0.3251,0.4083,1.69,1569.45,942.95,626.49,8,29,39,ok,
mon-entreprise,api/v1/evaluate,1.62,2918.92,2288.67,3873.73,630.25,954.81,1585.06,0.2159,0.3271,0.4092,1.6926,1585.06,954.81,630.25,8,29,39,ok,
mon-entreprise,api/v1/evaluate,1.63,2936.93,2302.93,3903.39,634.0,966.46,1600.46,0.2159,0.3291,0.41,1.695,1600.46,966.46,634.0,8,29,39,ok,
mon-entreprise,api/v1/evaluate,1.64,2954.95,2317.19,3933.12,637.76,978.17,1615.93,0.2158,0.331,0.4109,1.6974,1615.93,978.17,637.76,8,29,39,ok,
mon-entreprise,api/v1/evaluate,1.65,2972.97,2331.46,3962.63,641.51,989.66,1631.18,0.2158,0.3329,0.4116,1.6996,1631.18,989.66,641.51,8,29,39,ok,
mon-entreprise,api/v1/evaluate,1.66,2990.99,2345.72,3992.21,645.27,1001.22,1646.49,0.2157,0.3347,0.4124,1.7019,1646.49,1001.22,645.27,8,29,39,ok,
mon-entreprise,api/v1/evaluate,1.67,3009.01,2359.98,4021.86,649.03,1012.85,1661.88,0.2157,0.3366,0.4132,1.7042,1661.88,1012.85,649.03,8,29,39,ok,
mon-entreprise,api/v1/evaluate,1.68,3027.02,2374.24,4051.26,652.78,1024.24,1677.02,0.2157,0.3384,0.414,1.7063,1677.02,1024.24,652.78,8,29,39,ok,
mon-entreprise,api/v1/evaluate,1.69,3045.04,2388.51,4080.74,656.53,1035.7,1692.24,0.2156,0.3401,0.4147,1.7085,1692.24,1035.7,656.53,8,29,39,ok,
mon-entreprise,api/v1/evaluate,1.7,3063.06,2402.77,4109.98,660.29,1046.92,1707.21,0.2156,0.3418,0.4154,1.7105,1707.21,1046.92,660.29,8,29,39,ok,
mon-entreprise,api/v1/evaluate,1.71,3081.08,2417.04,4139.28,664.04,1058.2,1722.25,0.2155,0.3435,0.4161,1.7125,1722.25,1058.2,664.04,8,29,39,ok,
mon-entreprise,api/v1/evaluate,1.72,3099.1,2431.3,4168.64,667.8,1069.54,1737.34,0.2155,0.3451,0.4168,1.7146,1737.34,1069.54,667.8,8,29,39,ok,
mon-entreprise,api/v1/evaluate,1.73,3117.11,2445.56,4197.74,671.55,1080.63,1752.18,0.2154,0.3467,0.4174,1.7165,1752.18,1080.63,671.55,8,29,39,ok,
mon-entreprise,api/v1/evaluate,1.74,3135.13,2459.82,4226.91,675.31,1091.78,1767.08,0.2154,0.3482,0.4181,1.7184,1767.08,1091.78,675.31,8,29,39,ok,
mon-entreprise,api/v1/evaluate,1.75,3153.15,2474.09,4256.13,679.06,1102.98,1782.05,0.2154,0.3498,0.4187,1.7203,1782.05,1102.98,679.06,8,29,39,ok,
mon-entreprise,api/v1/evaluate,1.76,3171.17,2488.35,4285.1,682.82,1113.93,1796.75,0.2153,0.3513,0.4193,1.7221,1796.75,1113.93,682.82,8,29,39,ok,
mon-entreprise,api/v1/evaluate,1.77,3189.19,2502.61,4314.12,686.58,1124.93,1811.5,0.2153,0.3527,0.4199,1.7238,1811.5,1124.93,686.58,8,29,39,ok,
mon-entreprise,api/v1/evaluate,1.78,3207.2,2516.87,4343.18,690.33,1135.98,1826.31,0.2152,0.3542,0.4205,1.7256,1826.31,1135.98,690.33,8,29,39,ok,
mon-entreprise,api/v1/evaluate,1.79,3225.22,2531.14,4371.98,694.08,1146.76,1840.85,0.2152,0.3556,0.4211,1.7273,1840.85,1146.76,694.08,8,29,39,ok,
mon-entreprise,api/v1/evaluate,1.8,3243.24,2545.4,4400.84,697.84,1157.6,1855.44,0.2152,0.3569,0.4216,1.7289,1855.44,1157.6,697.84,8,29,39,ok,
mon-entreprise,api/v1/evaluate,1.81,3261.26,2559.67,4429.75,701.59,1168.49,1870.08,0.2151,0.3583,0.4222,1.7306,1870.08,1168.49,701.59,8,29,39,ok,
mon-entreprise,api/v1/evaluate,1.82,3279.28,2573.93,4458.37,705.35,1179.09,1884.44,0.2151,0.3596,0.4227,1.7321,1884.44,1179.09,705.35,8,29,39,ok,
mon-entreprise,api/v1/evaluate,1.83,3297.29,2588.19,4487.37,709.1,1190.08,1899.18,0.2151,0.3609,0.4232,1.7338,1899.18,1190.08,709.1,8,29,39,ok,
mon-entreprise,api/v1/evaluate,1.84,3315.31,2602.45,4516.09,712.86,1200.78,1913.64,0.215,0.3622,0.4237,1.7353,1913.64,1200.78,712.86,8,29,39,ok,
mon-entreprise,api/v1/evaluate,1.85,3333.33,2616.72,4544.53,716.61,1211.2,1927.81,0.215,0.3634,0.4242,1.7367,1927.81,1211.2,716.61,8,29,39,ok,
mon-entreprise,api/v1/evaluate,1.86,3351.35,2630.98,4573.35,720.37,1222.0,1942.36,0.2149,0.3646,0.4247,1.7383,1942.36,1222.0,720.37,8,29,39,ok,
mon-entreprise,api/v1/evaluate,1.87,3369.37,2645.24,4601.87,724.13,1232.5,1956.63,0.2149,0.3658,0.4252,1.7397,1956.63,1232.5,724.13,8,29,39,ok,
mon-entreprise,api/v1/evaluate,1.88,3387.38,2659.5,4630.43,727.88,1243.05,1970.93,0.2149,0.367,0.4256,1.7411,1970.93,1243.05,727.88,8,29,39,ok,
mon-entreprise,api/v1/evaluate,1.89,3405.4,2673.77,4658.7,731.63,1253.3,1984.93,0.2148,0.368,0.4261,1.7424,1984.93,1253.3,731.63,8,29,39,ok,
mon-entreprise,api/v1/evaluate,1.9,3423.42,2688.03,4687.01,735.39,1263.59,1998.98,0.2148,0.3691,0.4265,1.7437,1998.98,1263.59,735.39,8,29,39,ok,
mon-entreprise,api/v1/evaluate,1.91,3441.44,2702.3,4715.71,739.14,1274.27,2013.41,0.2148,0.3703,0.427,1.7451,2013.41,1274.27,739.14,8,29,39,ok,
mon-entreprise,api/v1/evaluate,1.92,3459.46,2716.56,4743.75,742.9,1284.29,2027.19,0.2147,0.3712,0.4273,1.7462,2027.19,1284.29,742.9,8,29,39,ok,
mon-entreprise,api/v1/evaluate,1.93,3477.47,2730.82,4772.17,746.65,1294.7,2041.35,0.2147,0.3723,0.4278,1.7475,2041.35,1294.7,746.65,8,29,39,ok,
mon-entreprise,api/v1/evaluate,1.94,3495.49,2745.08,4800.64,750.41,1305.15,2055.56,0.2147,0.3734,0.4282,1.7488,2055.56,1305.15,750.41,8,29,39,ok,
mon-entreprise,api/v1/evaluate,1.95,3513.51,2759.35,4828.8,754.16,1315.29,2069.45,0.2146,0.3744,0.4286,1.75,2069.45,1315.29,754.16,8,29,39,ok,
mon-entreprise,api/v1/evaluate,1.96,3531.53,2773.61,4857.0,757.92,1325.47,2083.39,0.2146,0.3753,0.4289,1.7511,2083.39,1325.47,757.92,8,29,39,ok,
mon-entreprise,api/v1/evaluate,1.97,3549.55,2787.87,4885.23,761.68,1335.68,2097.35,0.2146,0.3763,0.4293,1.7523,2097.35,1335.68,761.68,8,29,39,ok,
mon-entreprise,api/v1/evaluate,1.98,3567.56,2802.13,4913.12,765.43,1345.56,2110.99,0.2146,0.3772,0.4297,1.7534,2110.99,1345.56,765.43,8,29,39,ok,
mon-entreprise,api/v1/evaluate,1.99,3585.58,2816.4,4941.42,769.18,1355.84,2125.03,0.2145,0.3781,0.43,1.7545,2125.03,1355.84,769.18,8,29,39,ok,
mon-entreprise,api/v1/evaluate,2.0,3603.6,2830.66,4969.4,772.94,1365.8,2138.74,0.2145,0.379,0.4304,1.7556,2138.74,1365.8,772.94,8,29,39,ok,
mon-entreprise,api/v1/evaluate,2.01,3621.62,2844.93,4997.41,776.69,1375.79,2152.48,0.2145,0.3799,0.4307,1.7566,2152.48,1375.79,776.69,8,29,39,ok,
mon-entreprise,api/v1/evaluate,2.02,3639.64,2859.19,5025.45,780.45,1385.81,2166.26,0.2144,0.3808,0.4311,1.7576,2166.26,1385.81,780.45,8,29,39,ok,
mon-entreprise,api/v1/evaluate,2.03,3657.65,2873.45,5053.15,784.2,1395.5,2179.7,0.2144,0.3815,0.4314,1.7586,2179.7,1395.5,784.2,8,29,39,ok,
mon-entreprise,api/v1/evaluate,2.04,3675.67,2887.71,5081.25,787.96,1405.58,2193.54,0.2144,0.3824,0.4317,1.7596,2193.54,1405.58,787.96,8,29,39,ok,
mon-entreprise,api/v1/evaluate,2.05,3693.69,2901.98,5109.02,791.71,1415.33,2207.04,0.2143,0.3832,0.432,1.7605,2207.04,1415.33,791.71,8,29,39,ok,
mon-entreprise,api/v1/evaluate,2.06,3711.71,2916.24,5136.81,795.47,1425.1,2220.57,0.2143,0.3839,0.4323,1.7615,2220.57,1425.1,795.47,8,29,39,ok,
mon-entreprise,api/v1/evaluate,2.07,3729.73,2930.5,5164.64,799.23,1434.91,2234.14,0.2143,0.3847,0.4326,1.7624,2234.14,1434.91,799.23,8,29,39,ok,
mon-entreprise,api/v1/evaluate,2.08,3747.74,2944.76,5192.48,802.98,1444.74,2247.72,0.2143,0.3855,0.4329,1.7633,2247.72,1444.74,802.98,8,29,39,ok,
mon-entreprise,api/v1/evaluate,2.09,3765.76,2959.03,5220.36,806.73,1454.6,2261.34,0.2142,0.3863,0.4332,1.7642,2261.34,1454.6,806.73,8,29,39,ok,
mon-entreprise,api/v1/evaluate,2.1,3783.78,2973.29,5247.9,810.49,1464.12,2274.61,0.2142,0.3869,0.4334,1.765,2274.61,1464.12,810.49,8,29,39,ok,
mon-entreprise,api/v1/evaluate,2.11,3801.8,2987.56,5275.46,814.24,1473.66,2287.9,0.2142,0.3876,0.4337,1.7658,2287.9,1473.66,814.24,8,29,39,ok,
mon-entreprise,api/v1/evaluate,2.12,3819.82,3001.82,5303.04,818.0,1483.22,2301.22,0.2141,0.3883,0.4339,1.7666,2301.22,1483.22,818.0,8,29,39,ok,
mon-entreprise,api/v1/evaluate,2.13,3837.83,3016.08,5330.64,821.75,1492.81,2314.56,0.2141,0.389,0.4342,1.7674,2314.56,1492.81,821.75,8,29,39,ok,
mon-entreprise,api/v1/evaluate,2.14,3855.85,3030.34,5358.27,825.51,1502.42,2327.93,0.2141,0.3896,0.4345,1.7682,2327.93,1502.42,825.51,8,29,39,ok,
mon-entreprise,api/v1/evaluate,2.15,3873.87,3044.61,5385.93,829.26,1512.06,2341.32,0.2141,0.3903,0.4347,1.769,2341.32,1512.06,829.26,8,29,39,ok,
mon-entreprise,api/v1/evaluate,2.16,3891.89,3058.87,5413.61,833.02,1521.72,2354.74,0.214,0.391,0.435,1.7698,2354.74,1521.72,833.02,8,29,39,ok,
mon-entreprise,api/v1/evaluate,2.17,3909.91,3073.13,5440.93,836.78,1531.02,2367.8,0.214,0.3916,0.4352,1.7705,2367.8,1531.02,836.78,8,29,39,ok,
mon-entreprise,api/v1/evaluate,2.18,3927.92,3087.39,5468.26,840.53,1540.34,2380.87,0.214,0.3922,0.4354,1.7712,2380.87,1540.34,840.53,8,29,39,ok,
mon-entreprise,api/v1/evaluate,2.19,3945.94,3101.66,5496.02,844.28,1550.08,2394.36,0.214,0.3928,0.4357,1.772,2394.36,1550.08,844.28,8,29,39,ok,
mon-entreprise,api/v1/evaluate,2.2,3963.96,3115.92,5523.4,848.04,1559.44,2407.48,0.2139,0.3934,0.4359,1.7726,2407.48,1559.44,848.04,8,29,39,ok,
mon-entreprise,api/v1/evaluate,2.21,3981.98,3130.19,5550.41,851.79,1568.43,2420.23,0.2139,0.3939,0.436,1.7732,2420.23,1568.43,851.79,8,29,39,ok,
mon-entreprise,api/v1/evaluate,2.22,4000.0,3144.45,5577.84,855.55,1577.84,2433.39,0.2139,0.3945,0.4363,1.7739,2433.39,1577.84,855.55,8,29,39,ok,
mon-entreprise,api/v1/evaluate,2.23,4018.01,3153.24,5613.7,864.77,1595.69,2460.46,0.2152,0.3971,0.4383,1.7803,2460.46,1595.69,864.77,8,29,39,ok,
mon-entreprise,api/v1/evaluate,2.24,4036.03,3167.69,5640.79,868.34,1604.76,2473.1,0.2151,0.3976,0.4384,1.7807,2473.1,1604.76,868.34,8,29,39,ok,
mon-entreprise,api/v1/evaluate,2.25,4054.05,3182.14,5668.3,871.91,1614.25,2486.16,0.2151,0.3982,0.4386,1.7813,2486.16,1614.25,871.91,8,29,39,ok,
mon-entreprise,api/v1/evaluate,2.26,4072.07,3196.6,5695.43,875.47,1623.36,2498.83,0.215,0.3987,0.4387,1.7817,2498.83,1623.36,875.47,8,29,39,ok,
mon-entreprise,api/v1/evaluate,2.27,4090.09,3211.05,5722.57,879.04,1632.48,2511.52,0.2149,0.3991,0.4389,1.7821,2511.52,1632.48,879.04,8,29,39,ok,
mon-entreprise,api/v1/evaluate,2.28,4108.1,3225.5,5749.72,882.6,1641.62,2524.22,0.2148,0.3996,0.439,1.7826,2524.22,1641.62,882.6,8,29,39,ok,
mon-entreprise,api/v1/evaluate,2.29,4126.12,3239.95,5776.9,886.17,1650.78,2536.95,0.2148,0.4001,0.4392,1.783,2536.95,1650.78,886.17,8,29,39,ok,
mon-entreprise,api/v1/evaluate,2.3,4144.14,3254.4,5804.1,889.74,1659.96,2549.69,0.2147,0.4006,0.4393,1.7835,2549.69,1659.96,889.74,8,29,39,ok,
mon-entreprise,api/v1/evaluate,2.31,4162.16,3268.86,5831.32,893.3,1669.16,2562.46,0.2146,0.401,0.4394,1.7839,2562.46,1669.16,893.3,8,29,39,ok,
mon-entreprise,api/v1/evaluate,2.32,4180.18,3283.31,5858.55,896.87,1678.37,2575.24,0.2146,0.4015,0.4396,1.7843,2575.24,1678.37,896.87,8,29,39,ok,
mon-entreprise,api/v1/evaluate,2.33,4198.19,3297.76,5885.37,900.43,1687.18,2587.61,0.2145,0.4019,0.4397,1.7847,2587.61,1687.18,900.43,8,29,39,ok,
mon-entreprise,api/v1/evaluate,2.34,4216.21,3312.21,5912.64,904.0,1696.43,2600.43,0.2144,0.4024,0.4398,1.7851,2600.43,1696.43,904.0,8,29,39,ok,
mon-entreprise,api/v1/evaluate,2.35,4234.23,3326.67,5939.5,907.56,1705.27,2612.84,0.2143,0.4027,0.4399,1.7854,2612.84,1705.27,907.56,8,29,39,ok,
mon-entreprise,api/v1/evaluate,2.36,4252.25,3341.12,5966.38,911.13,1714.13,2625.26,0.2143,0.4031,0.44,1.7857,2625.26,1714.13,911.13,8,29,39,ok,
mon-entreprise,api/v1/evaluate,2.37,4270.27,3355.57,5993.27,914.7,1723.0,2637.7,0.2142,0.4035,0.4401,1.7861,2637.7,1723.0,914.7,8,29,39,ok,
mon-entreprise,api/v1/evaluate,2.38,4288.28,3370.02,6020.16,918.26,1731.88,2650.14,0.2141,0.4039,0.4402,1.7864,2650.14,1731.88,918.26,8,29,39,ok,
mon-entreprise,api/v1/evaluate,2.39,4306.3,3384.47,6047.08,921.83,1740.78,2662.61,0.2141,0.4042,0.4403,1.7867,2662.61,1740.78,921.83,8,29,39,ok,
mon-entreprise,api/v1/evaluate,2.4,4324.32,3398.93,6074.02,925.39,1749.7,2675.09,0.214,0.4046,0.4404,1.787,2675.09,1749.7,925.39,8,29,39,ok,
mon-entreprise,api/v1/evaluate,2.41,4342.34,3413.38,6100.97,928.96,1758.63,2687.59,0.2139,0.405,0.4405,1.7874,2687.59,1758.63,928.96,8,29,39,ok,
mon-entreprise,api/v1/evaluate,2.42,4360.36,3427.83,6127.93,932.53,1767.57,2700.1,0.2139,0.4054,0.4406,1.7877,2700.1,1767.57,932.53,8,29,39,ok,
mon-entreprise,api/v1/evaluate,2.43,4378.37,3442.28,6154.46,936.09,1776.09,2712.18,0.2138,0.4057,0.4407,1.7879,2712.18,1776.09,936.09,8,29,39,ok,
mon-entreprise,api/v1/evaluate,2.44,4396.39,3456.73,6181.45,939.66,1785.06,2724.72,0.2137,0.406,0.4408,1.7882,2724.72,1785.06,939.66,8,29,39,ok,
mon-entreprise,api/v1/evaluate,2.45,4414.41,3471.19,6208.02,943.22,1793.61,2736.83,0.2137,0.4063,0.4409,1.7884,2736.83,1793.61,943.22,8,29,39,ok,
mon-entreprise,api/v1/evaluate,2.46,4432.43,3485.64,6235.03,946.79,1802.6,2749.39,0.2136,0.4067,0.441,1.7888,2749.39,1802.6,946.79,8,29,39,ok,
mon-entreprise,api/v1/evaluate,2.47,4450.45,3500.1,6261.62,950.35,1811.17,2761.53,0.2135,0.407,0.441,1.789,2761.53,1811.17,950.35,8,29,39,ok,
mon-entreprise,api/v1/evaluate,2.48,4468.46,3514.54,6288.21,953.92,1819.75,2773.67,0.2135,0.4072,0.4411,1.7892,2773.67,1819.75,953.92,8,29,39,ok,
mon-entreprise,api/v1/evaluate,2.49,4486.48,3528.99,6314.82,957.49,1828.34,2785.82,0.2134,0.4075,0.4412,1.7894,2785.82,1828.34,957.49,8,29,39,ok,
mon-entreprise,api/v1/evaluate,2.5,4504.5,3543.45,6341.44,961.05,1836.94,2797.99,0.2134,0.4078,0.4412,1.7896,2797.99,1836.94,961.05,8,29,39,ok,
mon-entreprise,api/v1/evaluate,2.51,4522.52,3557.9,6368.07,964.62,1845.55,2810.16,0.2133,0.4081,0.4413,1.7898,2810.16,1845.55,964.62,8,29,39,ok,
mon-entreprise,api/v1/evaluate,2.52,4540.54,3572.36,6394.71,968.18,1854.17,2822.35,0.2132,0.4084,0.4414,1.7901,2822.35,1854.17,968.18,8,29,39,ok,
mon-entreprise,api/v1/evaluate,2.53,4558.55,3586.8,6421.35,971.75,1862.8,2834.55,0.2132,0.4086,0.4414,1.7903,2834.55,1862.8,971.75,8,29,39,ok,
mon-entreprise,api/v1/evaluate,2.54,4576.57,3601.26,6448.01,975.31,1871.44,2846.75,0.2131,0.4089,0.4415,1.7905,2846.75,1871.44,975.31,8,29,39,ok,
mon-entreprise,api/v1/evaluate,2.55,4594.59,3615.71,6474.23,978.88,1879.64,2858.52,0.2131,0.4091,0.4415,1.7906,2858.52,1879.64,978.88,8,29,39,ok,
mon-entreprise,api/v1/evaluate,2.56,4612.61,3630.16,6500.91,982.45,1888.3,2870.74,0.213,0.4094,0.4416,1.7908,2870.74,1888.3,982.45,8,29,39,ok,
mon-entreprise,api/v1/evaluate,2.57,4630.63,3644.62,6527.6,986.01,1896.97,2882.98,0.2129,0.4097,0.4417,1.791,2882.98,1896.97,986.01,8,29,39,ok,
mon-entreprise,api/v1/evaluate,2.58,4648.64,3659.06,6553.83,989.58,1905.19,2894.77,0.2129,0.4098,0.4417,1.7911,2894.77,1905.19,989.58,8,29,39,ok,
mon-entreprise,api/v1/evaluate,2.59,4666.66,3673.52,6580.08,993.14,1913.42,2906.56,0.2128,0.41,0.4417,1.7912,2906.56,1913.42,993.14,8,29,39,ok,
mon-entreprise,api/v1/evaluate,2.6,4684.68,3687.97,6606.8,996.71,1922.12,2918.83,0.2128,0.4103,0.4418,1.7914,2918.83,1922.12,996.71,8,29,39,ok,
mon-entreprise,api/v1/evaluate,2.61,4702.7,3702.42,6633.06,1000.28,1930.36,2930.64,0.2127,0.4105,0.4418,1.7915,2930.64,1930.36,1000.28,8,29,39,ok,
mon-entreprise,api/v1/evaluate,2.62,4720.72,3716.88,6659.33,1003.84,1938.61,2942.45,0.2126,0.4107,0.4419,1.7916,2942.45,1938.61,1003.84,8,29,39,ok,
mon-entreprise,api/v1/evaluate,2.63,4738.73,3731.32,6685.6,1007.41,1946.87,2954.27,0.2126,0.4108,0.4419,1.7917,2954.27,1946.87,1007.41,8,29,39,ok,
mon-entreprise,api/v1/evaluate,2.64,4756.75,3745.78,6711.88,1010.97,1955.13,2966.1,0.2125,0.411,0.4419,1.7919,2966.1,1955.13,1010.97,8,29,39,ok,
mon-entreprise,api/v1/evaluate,2.65,4774.77,3760.23,6738.65,1014.54,1963.88,2978.42,0.2125,0.4113,0.442,1.7921,2978.42,1963.88,1014.54,8,29,39,ok,
mon-entreprise,api/v1/evaluate,2.66,4792.79,3774.69,6764.47,1018.1,1971.68,2989.79,0.2124,0.4114,0.442,1.7921,2989.79,1971.68,1018.1,8,29,39,ok,
mon-entreprise,api/v1/evaluate,2.67,4810.81,3789.14,6790.78,1021.67,1979.97,3001.64,0.2124,0.4116,0.442,1.7922,3001.64,1979.97,1021.67,8,29,39,ok,
mon-entreprise,api/v1/evaluate,2.68,4828.82,3803.58,6817.08,1025.24,1988.26,3013.49,0.2123,0.4117,0.4421,1.7923,3013.49,1988.26,1025.24,8,29,39,ok,
mon-entreprise,api/v1/evaluate,2.69,4846.84,3818.04,6843.4,1028.8,1996.56,3025.36,0.2123,0.4119,0.4421,1.7924,3025.36,1996.56,1028.8,8,29,39,ok,
mon-entreprise,api/v1/evaluate,2.7,4864.86,3832.49,6869.73,1032.37,2004.87,3037.23,0.2122,0.4121,0.4421,1.7925,3037.23,2004.87,1032.37,8,29,39,ok,
mon-entreprise,api/v1/evaluate,2.71,4882.88,3846.95,6895.57,1035.93,2012.69,3048.63,0.2122,0.4122,0.4421,1.7925,3048.63,2012.69,1035.93,8,29,39,ok,
mon-entreprise,api/v1/evaluate,2.72,4900.9,3861.4,6921.92,1039.5,2021.02,3060.52,0.2121,0.4124,0.4421,1.7926,3060.52,2021.02,1039.5,8,29,39,ok,
mon-entreprise,api/v1/evaluate,2.73,4918.91,3875.85,6948.25,1043.06,2029.34,3072.4,0.2121,0.4126,0.4422,1.7927,3072.4,2029.34,1043.06,8,29,39,ok,
mon-entreprise,api/v1/evaluate,2.74,4936.93,3890.3,6974.11,1046.63,2037.18,3083.81,0.212,0.4126,0.4422,1.7927,3083.81,2037.18,1046.63,8,29,39,ok,
mon-entreprise,api/v1/evaluate,2.75,4954.95,3904.75,7000.47,1050.2,2045.52,3095.72,0.2119,0.4128,0.4422,1.7928,3095.72,2045.52,1050.2,8,29,39,ok,
mon-entreprise,api/v1/evaluate,2.76,4972.97,3919.21,7026.34,1053.76,2053.37,3107.13,0.2119,0.4129,0.4422,1.7928,3107.13,2053.37,1053.76,8,29,39,ok,
mon-entreprise,api/v1/evaluate,2.77,4990.99,3933.66,7052.22,1057.33,2061.23,3118.55,0.2118,0.413,0.4422,1.7928,3118.55,2061.23,1057.33,8,29,39,ok,
mon-entreprise,api/v1/evaluate,2.78,5009.0,3948.11,7078.58,1060.89,2069.58,3130.47,0.2118,0.4132,0.4422,1.7929,3130.47,2069.58,1060.89,8,29,39,ok,
mon-entreprise,api/v1/evaluate,2.79,5027.02,3962.56,7104.46,1064.46,2077.44,3141.9,0.2117,0.4133,0.4422,1.7929,3141.9,2077.44,1064.46,8,29,39,ok,
mon-entreprise,api/v1/evaluate,2.8,5045.04,3977.01,7130.35,1068.03,2085.31,3153.34,0.2117,0.4133,0.4422,1.7929,3153.34,2085.31,1068.03,8,29,39,ok,
mon-entreprise,api/v1/evaluate,2.81,5063.06,3991.47,7156.24,1071.59,2093.18,3164.77,0.2116,0.4134,0.4422,1.7929,3164.77,2093.18,1071.59,8,29,39,ok,
mon-entreprise,api/v1/evaluate,2.82,5081.08,4005.92,7182.64,1075.16,2101.56,3176.72,0.2116,0.4136,0.4423,1.793,3176.72,2101.56,1075.16,8,29,39,ok,
mon-entreprise,api/v1/evaluate,2.83,5099.09,4020.37,7208.53,1078.72,2109.44,3188.16,0.2116,0.4137,0.4423,1.793,3188.16,2109.44,1078.72,8,29,39,ok,
mon-entreprise,api/v1/evaluate,2.84,5117.11,4034.82,7234.43,1082.29,2117.32,3199.61,0.2115,0.4138,0.4423,1.793,3199.61,2117.32,1082.29,8,29,39,ok,
mon-entreprise,api/v1/evaluate,2.85,5135.13,4049.28,7260.34,1085.85,2125.21,3211.06,0.2115,0.4139,0.4423,1.793,3211.06,2125.21,1085.85,8,29,39,ok,
mon-entreprise,api/v1/evaluate,2.86,5153.15,4063.73,7286.25,1089.42,2133.1,3222.52,0.2114,0.4139,0.4423,1.793,3222.52,2133.1,1089.42,8,29,39,ok,
mon-entreprise,api/v1/evaluate,2.87,5171.17,4078.18,7311.64,1092.99,2140.47,3233.46,0.2114,0.4139,0.4422,1.7929,3233.46,2140.47,1092.99,8,29,39,ok,
mon-entreprise,api/v1/evaluate,2.88,5189.18,4092.63,7337.55,1096.55,2148.37,3244.92,0.2113,0.414,0.4422,1.7929,3244.92,2148.37,1096.55,8,29,39,ok,
mon-entreprise,api/v1/evaluate,2.89,5207.2,4107.08,7363.47,1100.12,2156.27,3256.38,0.2113,0.4141,0.4422,1.7929,3256.38,2156.27,1100.12,8,29,39,ok,
mon-entreprise,api/v1/evaluate,2.9,5225.22,4121.54,7389.39,1103.68,2164.17,3267.85,0.2112,0.4142,0.4422,1.7929,3267.85,2164.17,1103.68,8,29,39,ok,
mon-entreprise,api/v1/evaluate,2.91,5243.24,4135.99,7414.79,1107.25,2171.55,3278.8,0.2112,0.4142,0.4422,1.7927,3278.8,2171.55,1107.25,8,29,39,ok,
mon-entreprise,api/v1/evaluate,2.92,5261.26,4150.44,7440.72,1110.82,2179.46,3290.27,0.2111,0.4142,0.4422,1.7928,3290.27,2179.46,1110.82,8,29,39,ok,
mon-entreprise,api/v1/evaluate,2.93,5279.27,4164.89,7466.64,1114.38,2187.37,3301.75,0.2111,0.4143,0.4422,1.7928,3301.75,2187.37,1114.38,8,29,39,ok,
mon-entreprise,api/v1/evaluate,2.94,5297.29,4179.34,7492.04,1117.95,2194.75,3312.7,0.211,0.4143,0.4422,1.7926,3312.7,2194.75,1117.95,8,29,39,ok,
mon-entreprise,api/v1/evaluate,2.95,5315.31,4193.8,7517.98,1121.51,2202.67,3324.18,0.211,0.4144,0.4422,1.7926,3324.18,2202.67,1121.51,8,29,39,ok,
mon-entreprise,api/v1/evaluate,2.96,5333.33,4208.25,7543.39,1125.08,2210.06,3335.14,0.211,0.4144,0.4421,1.7925,3335.14,2210.06,1125.08,8,29,39,ok,
mon-entreprise,api/v1/evaluate,2.97,5351.35,4222.7,7569.33,1128.65,2217.98,3346.62,0.2109,0.4145,0.4421,1.7925,3346.62,2217.98,1128.65,8,29,39,ok,
mon-entreprise,api/v1/evaluate,2.98,5369.36,4237.15,7594.72,1132.21,2225.36,3357.57,0.2109,0.4145,0.4421,1.7924,3357.57,2225.36,1132.21,8,29,39,ok,
mon-entreprise,api/v1/evaluate,2.99,5387.38,4251.6,7620.13,1135.78,2232.75,3368.53,0.2108,0.4144,0.4421,1.7923,3368.53,2232.75,1135.78,8,29,39,ok,
mon-entreprise,api/v1/evaluate,3.0,5405.4,4266.06,7646.08,1139.34,2240.68,3380.03,0.2108,0.4145,0.4421,1.7923,3380.03,2240.68,1139.34,8,29,39,ok,
mon-entreprise,api/v1/evaluate,3.01,5423.42,4280.51,7671.49,1142.91,2248.07,3390.98,0.2107,0.4145,0.442,1.7922,3390.98,2248.07,1142.91,8,29,39,ok,
mon-entreprise,api/v1/evaluate,3.02,5441.44,4294.97,7696.91,1146.47,2255.47,3401.94,0.2107,0.4145,0.442,1.7921,3401.94,2255.47,1146.47,8,29,39,ok,
mon-entreprise,api/v1/evaluate,3.03,5459.45,4309.41,7722.3,1150.04,2262.85,3412.89,0.2107,0.4145,0.442,1.792,3412.89,2262.85,1150.04,8,29,39,ok,
mon-entreprise,api/v1/evaluate,3.04,5477.47,4323.87,7857.26,1153.6,2379.79,3533.4,0.2106,0.4345,0.4497,1.8172,3533.4,2379.79,1153.6,8,29,39,ok,
mon-entreprise,api/v1/evaluate,3.05,5495.49,4338.32,7883.03,1157.17,2387.54,3544.72,0.2106,0.4345,0.4497,1.8171,3544.72,2387.54,1157.17,8,29,39,ok,
mon-entreprise,api/v1/evaluate,3.06,5513.51,4352.77,7908.81,1160.74,2395.3,3556.03,0.2105,0.4344,0.4496,1.817,3556.03,2395.3,1160.74,8,29,39,ok,
mon-entreprise,api/v1/evaluate,3.07,5531.53,4367.23,7934.58,1164.3,2403.05,3567.35,0.2105,0.4344,0.4496,1.8168,3567.35,2403.05,1164.3,8,29,39,ok,
mon-entreprise,api/v1/evaluate,3.08,5549.54,4381.67,7960.33,1167.87,2410.79,3578.66,0.2104,0.4344,0.4496,1.8167,3578.66,2410.79,1167.87,8,29,39,ok,
mon-entreprise,api/v1/evaluate,3.09,5567.56,4396.13,7986.11,1171.43,2418.55,3589.98,0.2104,0.4344,0.4495,1.8166,3589.98,2418.55,1171.43,8,29,39,ok,
mon-entreprise,api/v1/evaluate,3.1,5585.58,4410.58,8011.88,1175.0,2426.3,3601.3,0.2104,0.4344,0.4495,1.8165,3601.3,2426.3,1175.0,8,29,39,ok,
mon-entreprise,api/v1/evaluate,3.11,5603.6,4425.03,8037.65,1178.57,2434.05,3612.62,0.2103,0.4344,0.4495,1.8164,3612.62,2434.05,1178.57,8,29,39,ok,
mon-entreprise,api/v1/evaluate,3.12,5621.62,4439.49,8063.42,1182.13,2441.8,3623.93,0.2103,0.4344,0.4494,1.8163,3623.93,2441.8,1182.13,8,29,39,ok,
mon-entreprise,api/v1/evaluate,3.13,5639.63,4453.93,8089.18,1185.7,2449.55,3635.24,0.2102,0.4343,0.4494,1.8162,3635.24,2449.55,1185.7,8,29,39,ok,
mon-entreprise,api/v1/evaluate,3.14,5657.65,4468.39,8114.95,1189.26,2457.3,3646.56,0.2102,0.4343,0.4494,1.8161,3646.56,2457.3,1189.26,8,29,39,ok,
mon-entreprise,api/v1/evaluate,3.15,5675.67,4482.84,8140.72,1192.83,2465.05,3657.88,0.2102,0.4343,0.4493,1.816,3657.88,2465.05,1192.83,8,29,39,ok,
mon-entreprise,api/v1/evaluate,3.16,5693.69,4497.3,8166.49,1196.39,2472.8,3669.2,0.2101,0.4343,0.4493,1.8159,3669.2,2472.8,1196.39,8,29,39,ok,
mon-entreprise,api/v1/evaluate,3.17,5711.71,4511.75,8192.26,1199.96,2480.55,3680.51,0.2101,0.4343,0.4493,1.8158,3680.51,2480.55,1199.96,8,29,39,ok,
mon-entreprise,api/v1/evaluate,3.18,5729.72,4526.19,8218.02,1203.53,2488.3,3691.83,0.21,0.4343,0.4492,1.8157,3691.83,2488.3,1203.53,8,29,39,ok,
mon-entreprise,api/v1/evaluate,3.19,5747.74,4540.65,8243.79,1207.09,2496.05,3703.14,0.21,0.4343,0.4492,1.8156,3703.14,2496.05,1207.09,8,29,39,ok,
mon-entreprise,api/v1/evaluate,3.2,5765.76,4555.1,8269.56,1210.66,2503.8,3714.46,0.21,0.4343,0.4492,1.8155,3714.46,2503.8,1210.66,8,29,39,ok,
mon-entreprise,api/v1/evaluate,3.21,5783.78,4569.56,8295.34,1214.22,2511.56,3725.78,0.2099,0.4342,0.4491,1.8153,3725.78,2511.56,1214.22,8,29,39,ok,
mon-entreprise,api/v1/evaluate,3.22,5801.8,4584.01,8321.11,1217.79,2519.31,3737.1,0.2099,0.4342,0.4491,1.8152,3737.1,2519.31,1217.79,8,29,39,ok,
mon-entreprise,api/v1/evaluate,3.23,5819.81,4598.46,8346.86,1221.35,2527.05,3748.41,0.2099,0.4342,0.4491,1.8151,3748.41,2527.05,1221.35,8,29,39,ok,
mon-entreprise,api/v1/evaluate,3.24,5837.83,4612.91,8372.64,1224.92,2534.81,3759.73,0.2098,0.4342,0.449,1.815,3759.73,2534.81,1224.92,8,29,39,ok,
mon-entreprise,api/v1/evaluate,3.25,5855.85,4627.36,8398.41,1228.49,2542.56,3771.04,0.2098,0.4342,0.449,1.8149,3771.04,2542.56,1228.49,8,29,39,ok,
mon-entreprise,api/v1/evaluate,3.26,5873.87,4641.82,8424.18,1232.05,2550.31,3782.36,0.2098,0.4342,0.449,1.8148,3782.36,2550.31,1232.05,8,29,39,ok,
mon-entreprise,api/v1/evaluate,3.27,5891.89,4656.27,8449.95,1235.62,2558.06,3793.68,0.2097,0.4342,0.449,1.8147,3793.68,2558.06,1235.62,8,29,39,ok,
mon-entreprise,api/v1/evaluate,3.28,5909.9,4670.72,8475.71,1239.18,2565.81,3804.99,0.2097,0.4342,0.4489,1.8146,3804.99,2565.81,1239.18,8,29,39,ok,
mon-entreprise,api/v1/evaluate,3.29,5927.92,4685.17,8501.48,1242.75,2573.56,3816.31,0.2096,0.4341,0.4489,1.8146,3816.31,2573.56,1242.75,8,29,39,ok,
mon-entreprise,api/v1/evaluate,3.3,5945.94,4699.62,8527.25,1246.32,2581.31,3827.63,0.2096,0.4341,0.4489,1.8145,3827.63,2581.31,1246.32,8,29,39,ok,
mon-entreprise,api/v1/evaluate,3.31,5963.96,4714.08,8553.02,1249.88,2589.06,3838.94,0.2096,0.4341,0.4488,1.8144,3838.94,2589.06,1249.88,8,29,39,ok,
mon-entreprise,api/v1/evaluate,3.32,5981.98,4728.53,8578.79,1253.45,2596.81,3850.26,0.2095,0.4341,0.4488,1.8143,3850.26,2596.81,1253.45,8,29,39,ok,
mon-entreprise,api/v1/evaluate,3.33,5999.99,4742.98,8604.55,1257.01,2604.56,3861.57,0.2095,0.4341,0.4488,1.8142,3861.57,2604.56,1257.01,8,29,39,ok,
mon-entreprise,api/v1/evaluate,3.34,6018.01,4757.43,8630.32,1260.58,2612.31,3872.89,0.2095,0.4341,0.4488,1.8141,3872.89,2612.31,1260.58,8,29,39,ok,
mon-entreprise,api/v1/evaluate,3.35,6036.03,4771.89,8656.09,1264.14,2620.06,3884.21,0.2094,0.4341,0.4487,1.814,3884.21,2620.06,1264.14,8,29,39,ok,
mon-entreprise,api/v1/evaluate,3.36,6054.05,4786.34,8681.86,1267.71,2627.81,3895.53,0.2094,0.4341,0.4487,1.8139,3895.53,2627.81,1267.71,8,29,39,ok,
mon-entreprise,api/v1/evaluate,3.37,6072.07,4800.79,8707.64,1271.28,2635.57,3906.84,0.2094,0.434,0.4487,1.8138,3906.84,2635.57,1271.28,8,29,39,ok,
mon-entreprise,api/v1/evaluate,3.38,6090.08,4815.24,8733.39,1274.84,2643.31,3918.15,0.2093,0.434,0.4486,1.8137,3918.15,2643.31,1274.84,8,29,39,ok,
mon-entreprise,api/v1/evaluate,3.39,6108.1,4829.69,8759.16,1278.41,2651.06,3929.47,0.2093,0.434,0.4486,1.8136,3929.47,2651.06,1278.41,8,29,39,ok,
mon-entreprise,api/v1/evaluate,3.4,6126.12,4844.15,8784.94,1281.97,2658.82,3940.79,0.2093,0.434,0.4486,1.8135,3940.79,2658.82,1281.97,8,29,39,ok,
mon-entreprise,api/v1/evaluate,3.41,6144.14,4858.6,8810.71,1285.54,2666.57,3952.11,0.2092,0.434,0.4486,1.8134,3952.11,2666.57,1285.54,8,29,39,ok,
mon-entreprise,api/v1/evaluate,3.42,6162.16,4873.05,8836.48,1289.11,2674.32,3963.43,0.2092,0.434,0.4485,1.8133,3963.43,2674.32,1289.11,8,29,39,ok,
mon-entreprise,api/v1/evaluate,3.43,6180.17,4887.5,8862.24,1292.67,2682.07,3974.74,0.2092,0.434,0.4485,1.8132,3974.74,2682.07,1292.67,8,29,39,ok,
mon-entreprise,api/v1/evaluate,3.44,6198.19,4901.95,8888.01,1296.24,2689.82,3986.05,0.2091,0.434,0.4485,1.8132,3986.05,2689.82,1296.24,8,29,39,ok,
mon-entreprise,api/v1/evaluate,3.45,6216.21,4916.41,8913.78,1299.8,2697.57,3997.37,0.2091,0.434,0.4484,1.8131,3997.37,2697.57,1299.8,8,29,39,ok,
mon-entreprise,api/v1/evaluate,3.46,6234.23,4930.86,8939.55,1303.37,2705.32,4008.69,0.2091,0.4339,0.4484,1.813,4008.69,2705.32,1303.37,8,29,39,ok,
mon-entreprise,api/v1/evaluate,3.47,6252.25,4945.31,8965.32,1306.94,2713.07,4020.01,0.209,0.4339,0.4484,1.8129,4020.01,2713.07,1306.94,8,29,39,ok,
mon-entreprise,api/v1/evaluate,3.48,6270.26,4959.76,8991.08,1310.5,2720.82,4031.32,0.209,0.4339,0.4484,1.8128,4031.32,2720.82,1310.5,8,29,39,ok,
mon-entreprise,api/v1/evaluate,3.49,6288.28,4974.21,9016.85,1314.07,2728.57,4042.64,0.209,0.4339,0.4483,1.8127,4042.64,2728.57,1314.07,8,29,39,ok,
mon-entreprise,api/v1/evaluate,3.5,6306.3,4988.67,9042.62,1317.63,2736.32,4053.95,0.2089,0.4339,0.4483,1.8126,4053.95,2736.32,1317.63,8,29,39,ok,
